Name,City,State
Dr. B. R. Ambedkar Institute of Technology,South Andaman,Andaman and Nicobar Islands
Srinivasa Institute of Engineering and Technology,Amalapuram,Andhra Pradesh
Dadi Institute of Engineering & Technology (DIET),Anakapalle,Andhra Pradesh
Jawaharlal Nehru Technological University,Ananthapuramu,Andhra Pradesh
Bapatla Engineering College,Bapatla,Andhra Pradesh
Bapatla Women`s Engineering College,Bapatla,Andhra Pradesh
Bonam Venkata Chalamaiah Institute of Technology and Science,Bhatlapalem,Andhra Pradesh
Sagi Ramakrishnam Raju Engineering College,Bhimavaram,Andhra Pradesh
Shri Vishnu Engineering College for Women,Bhimavaram,Andhra Pradesh
Vishnu Institute of Technology,Bhimavaram,Andhra Pradesh
Chebrolu Engineering College,Chebrolu,Andhra Pradesh
St Anns College of Engineering and Technology,CHIRALA,Andhra Pradesh
"M.J.R. College of Engineering & Technology, Pulicherla",Chittoor,Andhra Pradesh
Sreenivasa Institute of Technology and Management Studies,Chittoor,Andhra Pradesh
Sri Venkateswara College of Engineering & Technology,Chittoor,Andhra Pradesh
Vemu Institute of Technology,Chittoor,Andhra Pradesh
Ramachandra College of Engineering,Eluru,Andhra Pradesh
SIR C R REDDY COLLEGE OF ENGINEERING,Eluru,Andhra Pradesh
Gates Institute of Technology,Gooty,Andhra Pradesh
Gudlavalleru Engineering College,Gudlavalleru,Andhra Pradesh
Audisankara College of Engineering & Technology,Gudur,Andhra Pradesh
Narayana Engineering College,Gudur,Andhra Pradesh
Chalapathi Institute of Engineering and Technology,Guntur,Andhra Pradesh
Eswar College of Engineering,Guntur,Andhra Pradesh
Kallam Haranadhareddy Institute of Technology,Guntur,Andhra Pradesh
"KKR&KSR Institute of Technology & Sciences, VINJANAMPADU Village (CC-JR)",Guntur,Andhra Pradesh
R. V. R. & J. C. College of Engineering,Guntur,Andhra Pradesh
Sri Mittapalli College of Engineering,Guntur,Andhra Pradesh
Sri Mittapalli Institute of Technology for Women,Guntur,Andhra Pradesh
"Tirumala Engineering College, Jonnalagadda(Post), Narasaraopet, PIN-522601(CC-NE)",Guntur,Andhra Pradesh
Vasireddy Venkatadri Institute of Technology,Guntur,Andhra Pradesh
"Vignan's Foundation for Science, Technology and Research",Guntur,Andhra Pradesh
Annamacharya Institute of Technology and Sciences,Kadapa,Andhra Pradesh
K. S. R. M. College of Engineering,Kadapa,Andhra Pradesh
Sri Venkateswara College of Engineering,Kadapa,Andhra Pradesh
Jawaharlal Nehru Technological University,Kakinada,Andhra Pradesh
MVR College of Engineering and Technology,Kanchikacherla,Andhra Pradesh
Parvathareddy Babulreddy Visvodaya Institute of Technology and Science,Kavali,Andhra Pradesh
Sree Venkateswara College of Engineering,Kodavaluru,Andhra Pradesh
Devineni Venkata Ramana & Dr. Hima Sekhar MIC College of Technology,Krishna,Andhra Pradesh
"Sree Vahini Institute of Science & Technology, Sai Vihini nagar Bypass Road, Tiruvur, PIN-521 235.(CC-MG)",Krishna,Andhra Pradesh
Usha Rama College of Engineering & Technology,Krishna,Andhra Pradesh
"Vikas College of Engineering and Technology, Nunna, Vijayawada (Rural), PIN-521212(CC-NQ)",Krishna,Andhra Pradesh
Kuppam Engineering College,Kuppam,Andhra Pradesh
"Dr.K.V.Subba Reddy Institute of Technology, Kurnool",Kurnool,Andhra Pradesh
G. Pullaiah College of Engineering and Technology,Kurnool,Andhra Pradesh
G.Pulla Reddy Engineering College,Kurnool,Andhra Pradesh
"India Institute of Information Technology Design and Manufacturing, Kurnool",Kurnool,Andhra Pradesh
Ravindra College of Engineering for Women,Kurnool,Andhra Pradesh
Daita Madhusudana Sastry Sri Venkateswara Hindu College of Engineering,Machilipatnam,Andhra Pradesh
Aditya College of Engineering,Madanapalle,Andhra Pradesh
Madanapalle Institute of Technology & Science,Madanapalle,Andhra Pradesh
Viswam Engineering College,Madanapalle,Andhra Pradesh
Dr. Samuel George Institute of Engineering & Technology,Markapur,Andhra Pradesh
Lakireddy Bali Reddy College of Engineering,Mylavaram,Andhra Pradesh
RAJEEV GANDHI MEMORIAL COLLEGE OF ENGINEERING & TECHNOLOGY,Nandyal,Andhra Pradesh
Santhiram Engineering College,Nandyal,Andhra Pradesh
"SVR Engineering College, Nandyal",Nandyal,Andhra Pradesh
A. M. Reddy Memorial College of Engineering and Technology,Narasaraopet,Andhra Pradesh
Narasaraopeta Engineering College,Narasaraopet,Andhra Pradesh
"Narasaraopeta Institute of Technology, Kotappakonda Road, Yellamanda(P.O), Narasaraopet, PIN-522601 (CC-KH)",Narasaraopet,Andhra Pradesh
SWARNANDHRA COLLEGE OF ENGINEERING & TECHNOLOGY,Narsapur,Andhra Pradesh
GEETHANJALI INSTITUTE OF SCIENCE AND TECHNOLOGY,Nellore,Andhra Pradesh
Narayana Engineering College,Nellore,Andhra Pradesh
Rajiv Gandhi University of Knowledge Technologies,Nuzvid,Andhra Pradesh
Sri Sarathi Institute of Engineering & Technoology,Nuzvid,Andhra Pradesh
Bonam Venkata Chalamayya Engineering College,Odalarevu,Andhra Pradesh
PACE INSTITUTE OF TECHNOLOGY AND SCIENCES,Ongole,Andhra Pradesh
QIS College of Engineering & Technology,Ongole,Andhra Pradesh
Mother Theresa Institute of Engineering and Technology,Palamaner,Andhra Pradesh
Sri Vasavi Institute of Engineering & Technology,Pedana,Andhra Pradesh
GOUTHAMI INSTITUTE OF TECHNOLOGY & MANAGEMENT FOR WOMEN,Proddatur,Andhra Pradesh
Sai Rajeswari Institute Of Technology,Proddatur,Andhra Pradesh
Vaagdevi Institute of Technology and Science,Proddatur,Andhra Pradesh
Sanskrithi School of Engineering,Puttaparthi,Andhra Pradesh
SIDDARTHA INSTITUTE OF SCIENCE AND TECHNOLOGY,Puttur,Andhra Pradesh
Siddharth Institute of Engineering & Technology,Puttur,Andhra Pradesh
Sri Venkatesa Perumal College of Engineering & Technology,Puttur,Andhra Pradesh
Adikavi Nannaya University,Rajahmundry,Andhra Pradesh
Godavari Institute of Engineering & Technology,Rajahmundry,Andhra Pradesh
GMR Institute of Technology,Rajam,Andhra Pradesh
ANNAMACHARYA INSTITUTE OF TECHNOLOGY & SCIENCES,Rajampet,Andhra Pradesh
Srinivasa Ramanujan Institute of Technology,Rotarypuram Village,Andhra Pradesh
Gokula Krishna College of Engineering,Sullurupeta,Andhra Pradesh
Aditya College of Engineering,Surampalem,Andhra Pradesh
Aditya College of Engineering & Technology,Surampalem,Andhra Pradesh
Aditya Engineering College,Surampalem,Andhra Pradesh
Pragati Engineering College,Surampalem,Andhra Pradesh
"National Institute of Technology, Andhra Pradesh",TADEPALLIGUDEM,Andhra Pradesh
Sasi Institute of Technology & Engineering,Tadepalligudem,Andhra Pradesh
Sri Vasavi Engineering College,Tadepalligudem,Andhra Pradesh
Aditya Institute of Technology and Management,Tekkali,Andhra Pradesh
Siddartha Educational Academy Group of Institutions (Integrated Campus),Tirupathi,Andhra Pradesh
Sri Padmavathi Mahila Visvavidyalayam,Tirupathi,Andhra Pradesh
Annamacharya Institute of Technology & Sciences,Tirupati,Andhra Pradesh
Chadalawada Ramanamma Engineering College,Tirupati,Andhra Pradesh
Shree Rama Educational Society Group of Institutions,Tirupati,Andhra Pradesh
Sree Rama Engineering College,TIRUPATI,Andhra Pradesh
Sree Vidyanikethan Engineering College,Tirupati,Andhra Pradesh
Sri Venkateswara University,Tirupati,Andhra Pradesh
MRR Institute of Technology & Science,Udayagiri,Andhra Pradesh
Koneru Lakshmaiah Education Foundation University (K L College of Engineering),Vaddeswaram,Andhra Pradesh
Vignan`s Lara Institute of Technology & Science,Vadlamudi,Andhra Pradesh
RGUKT- RK Valley,Vempalli,Andhra Pradesh
N. B. K. R. Institute of Science & Technology,Vidyanagar,Andhra Pradesh
Andhra Loyola Institute of Engineering and Technology,Vijayawada,Andhra Pradesh
Dhanekula Institute of Engineering & Technology,Vijayawada,Andhra Pradesh
Lingayas Institute of Management and Technology,Vijayawada,Andhra Pradesh
NRI Institute of Technology,Vijayawada,Andhra Pradesh
"Potti Sriramulu College of Engineering & Technology, D.No.7-3-6/1, Raghava Reddy Street, Kotha Peta, Vijayawada, PIN- 520 001.(CC-KT)",VIJAYAWADA,Andhra Pradesh
Prasad V Potluri Siddhartha Institue of Technology,Vijayawada,Andhra Pradesh
"SRK Institute of Technology, Enikepadu",VIJAYAWADA,Andhra Pradesh
Velagapudi Ramakrishna Siddhartha Engineering College,VIJAYAWADA,Andhra Pradesh
Anil Neerukonda Institute of Technology & Sciences,Visakhapatnam,Andhra Pradesh
AU College of Engineering (A),Visakhapatnam,Andhra Pradesh
Dr. Lankapalli Bullayya College of Engineering,Visakhapatnam,Andhra Pradesh
Gandhi Institute of Technology and Management,Visakhapatnam,Andhra Pradesh
Gayatri Vidya Parishad College for Degree and P.G Courses (Autonomous),Visakhapatnam,Andhra Pradesh
Gayatri Vidya Parishad College of Engineering,Visakhapatnam,Andhra Pradesh
Gayatri Vidya Parishad College of Engineering for Women,Visakhapatnam,Andhra Pradesh
Nadimpalli Satyanarayana Raju Institute of Technology,Visakhapatnam,Andhra Pradesh
Raghu Engineering College,Visakhapatnam,Andhra Pradesh
Sanketika Vidya Parishad Engineering College,Visakhapatnam,Andhra Pradesh
Vignan`s Institute of Information Technology,Visakhapatnam,Andhra Pradesh
"Wellfare Institute of Science, Technology and Management",Visakhapatnam,Andhra Pradesh
Lendi Institute of Engineering & Technology,Vizianagaram,Andhra Pradesh
Maharaj Vijayaram Gajapathi Raj College of Engineering,Vizianagaram,Andhra Pradesh
University College of Engineering,Vizianagaram,Andhra Pradesh
D. N. R. College of Engineering & Technology,West Godavari,Andhra Pradesh
"INDIAN INSTITUTE OF TECHNOLOGY, TIRUPATI",YERPEDU,Andhra Pradesh
National Institute of Technology Arunachal Pradesh,Itanagar,Arunachal Pradesh
North Eastern Regional Institute of Science & Technology,Itanagar,Arunachal Pradesh
Assam Don Bosco University,Azara,Assam
DIBRUGARH UNIVERSITY INSTITUTE OF ENGINEERING AND TECHNOLOGY,Dibrugarh,Assam
Assam Down Town University,Guwahati,Assam
Indian Institute of Information Technology Guwahati,Guwahati,Assam
Indian Institute of Technology Guwahati,Guwahati,Assam
Assam Engineering College,Kamrup,Assam
Girijananda Chowdhury Institute of Management & Technology,Kamrup,Assam
Central Institute of Technology,Kokrajhar,Assam
National Institute of Technology Silchar,Silchar,Assam
Tezpur University,Tezpur,Assam
Rashtrakavi Ramdhari Singh Dinkar College of Engineering,Begusarai,Bihar
Bhagalpur College of Engineering,Bhagalpur,Bihar
Lok Nayak Jai Prakash Institute of Technology,Chapra,Bihar
Darbhanga College of Engineering,Darbhanga,Bihar
"Lalit Narayan Mithila University, Darbhanga",Darbhanga,Bihar
Gaya College of Engineering,Gaya,Bihar
Katihar Engineering College,katihar,Bihar
"B. P. Mandal College of Engineering, Madhepura",MADHEPURA,Bihar
Muzaffarpur Institute of Technology,Muzaffarpur,Bihar
Nalanda College of Engineering,Nalanda,Bihar
Bakhtiyarpur College of Engineering,PATNA,Bihar
Indian Institute of Technology Patna,Patna,Bihar
National Institute of Technology Patna,Patna,Bihar
Sitamarhi Institute of Technology,Pupri,Bihar
Motihari College of Engineering,Purba Champaran,Bihar
"M.I.T., Rambagh",Purnea,Bihar
Vidya Vihar Institute of Technology,Purnia,Bihar
"Sershah Engineering College, Sasaram",Sasaram,Bihar
Chandigarh College of Engineering & Technology,Chandigarh,Chandigarh
Panjab University,Chandigarh,Chandigarh
"Punjab Engineering College (Deemed to be University), Chandigarh",Chandigarh,Chandigarh
"VISHWAVIDYALAYA ENGINEERING COLLEGE, AMBIKAPUR (A CONSTITUENT COLLEGE OF CSVTU, BHILAI)",Ambikapur,Chhattisgarh
Rungta College of Engineering & Technology,Bhilai,Chhattisgarh
Shri Shankaracharya Technical Campus,Bhilai,Chhattisgarh
Chouksey Engineering College,Bilaspur,Chhattisgarh
Government Engineering College Bilaspur,Bilaspur,Chhattisgarh
Guru Ghasidas Vishwavidyalaya,BILASPUR (Chhattisgarh),Chhattisgarh
Bhilai Institute of Technology,Durg,Chhattisgarh
Chhatrapati Shivaji Institute of Technology Kolihapuri,Durg,Chhattisgarh
"Government Engineering College, Jagdalpur",Jagdalpur,Chhattisgarh
OP Jindal University,Raigarh,Chhattisgarh
"Amity University, Raipur",Raipur,Chhattisgarh
Bhilai Institute of Technology,Raipur,Chhattisgarh
Government Engineering College Raipur,Raipur,Chhattisgarh
Indian Institute of Technology Bhilai,Raipur,Chhattisgarh
ITM University,RAIPUR,Chhattisgarh
MATS University,Raipur,Chhattisgarh
"National Institute of Technology, Raipur",Raipur,Chhattisgarh
Shri Shankaracharya Institute of Professional Management & Technology,Raipur,Chhattisgarh
Bhagwan Parshuram Institute of Technology,Delhi,Delhi
Indira Gandhi Delhi Technical University for Women,Delhi,Delhi
Maharaja Agrasen Institute of Technology,Delhi,Delhi
National Institute of Technology Delhi,Delhi,Delhi
Dr Akhilesh Das Gupta Institute of Technology & Management,East Delhi,Delhi
BHARATI VIDYAPEETH'S COLLEGE OF ENGINEERING,New Delhi,Delhi
Delhi Technological University,North West,Delhi
Guru Gobind Singh Indraprastha University,New Delhi,Delhi
Indian Institute of Technology Delhi,New Delhi,Delhi
Indraprastha Institute of Information Technology Delhi,New Delhi,Delhi
Jamia Hamdard,New Delhi,Delhi
Jamia Millia Islamia,New Delhi,Delhi
Maharaja Surajmal Institute of Technology,New Delhi,Delhi
HMR Institute of Technology & Management,North West,Delhi
Netaji Subhas University of Technology (NSUT),South West,Delhi
Agnel Institute of Technology and Design,Assagao,Goa
Goa College of Engineering (Government of Goa),Ponda,Goa
National Institute of Technology Goa,Ponda,Goa
"DON BOSCO COLLEGE OF ENGINEERING, FATORDA, MARGAO",South Goa,Goa
Padre Conceicao College of Engineering,Verna,Goa
Aditya Silver Oak Institute of Technology,Ahmadabad,Gujarat
L.J.Institue of Engineering and technology (SFI)-Ahmedabad 032,Ahmadabad,Gujarat
"AHMEDABAD INSTITUTE OF TECH, AHMEDABAD 002",Ahmedabad,Gujarat
Gujarat Technological University,Ahmedabad,Gujarat
Institute of Infrastructure Technology Research and Management (IITRAM),Ahmedabad,Gujarat
"L.D.College of Engineering, Ahmedabad 028.",Ahmedabad,Gujarat
Nirma University,Ahmedabad,Gujarat
SAL INSTITUTE OF TECHNOLOGY & ENGINEERING RESEARCH,Ahmedabad,Gujarat
A. D. Patel Institute of Technology,Anand,Gujarat
SARDAR PATEL COLLEGE OF ENGINEERING,Anand,Gujarat
Chhotubhai Gopalbhai Patel Institute of Technology,Bardoli,Gujarat
Government Engineering College,Bharuch,Gujarat
Shantilal Shah Engineering College,Bhavnagar,Gujarat
Chandubhai S. Patel Institute of Technology,Changa,Gujarat
Government Engineering College,Dohad,Gujarat
Dhirubhai Ambani Institute of Information and Communication Technology,Gandhinagar,Gujarat
Indian Institute of Technology Gandhinagar,Gandhinagar,Gujarat
Indus University,Gandhinagar,Gujarat
Pandit Deendayal Energy University,Gandhinagar,Gujarat
Ganpat University,"Ganpat Vidyanagar, Mehsana",Gujarat
Government Engineering College,Godhra,Gujarat
Swaminarayan College of Engineering and Technology,Kalol-382721,Gujarat
GUJARAT POWER ENGINEERING & RESEARCH INSTITUTE (104),Mehsana,Gujarat
"Government Engineering College, Modasa",Modasa,Gujarat
Lukhdhirji Engineering College,Morbi,Gujarat
GANDHINAGAR INSTITUTE OF TECHNOLOGY,Moti Bhoyan,Gujarat
Dharmsinh Desai University,Nadiad,Gujarat
G. I. D. C. Degree Enginering College,Navsari,Gujarat
Madhuben and Bhanubhai Patel Institute of Technology,New Vallabh Vidyanagar,Gujarat
Government Engineering College,Palanpur,Gujarat
DR. V. R. GODHANIA COLLEGE OFENGINEERING & TECHNOLOGY,Porbandar,Gujarat
Darshan Institute of Engineering & Technology,Rajkot,Gujarat
Government Engineering College,Rajkot,Gujarat
Marwadi University,Rajkot,Gujarat
Gokul Global University,siddhpur,Gujarat
Bhagwan Mahavir College of Engineering and Technology,Surat,Gujarat
C.K.PITHAWALA COLLEGE OF ENGINEERING AND TECHNOLOGY,Surat,Gujarat
"Dr. S. & S. S. Ghandhy Government Engineering College, Surat",Surat,Gujarat
P.P. Savani University,Surat,Gujarat
Sardar Vallabhbhai National Institute of Technology,Surat,Gujarat
Sarvajanik College of Engineering & Technology,Surat,Gujarat
Shree Swami Atmanand Saraswati Institute of Technology,Surat,Gujarat
"VIDHYADEEP INSTITUTE OF ENGINEERING AND TECHNOLOGY, 094",SURAT,Gujarat
"ITM Vocational University, Vadodara",Vadodara,Gujarat
Krishna School of Emerging Technology & Applied Research,VADODARA,Gujarat
Maharaja Sayajirao University of Baroda,Vadodara,Gujarat
Shroff S. R. Rotary Institute of Chemical Technology,Valia,Gujarat
Birla Vishvakarma Mahavidyalaya,Vallabh Vidyanagar,Gujarat
G H PATEL COLLEGE OF ENGINEERING & TECHNOLOGY,Vallabh Vidyanagar,Gujarat
"GOVERNMENT ENGINEERING COLLEGE, VALSAD 019",Valsad,Gujarat
"Laxmi Institute of Technology, Valsad",Valsad,Gujarat
"Sankalchand Patel University, Visnagar",Visnagar,Gujarat
Maharishi Markandeshwar,Ambala,Haryana
Ambala College of Engineering & Applied Research,Ambala Cantt -133101,Haryana
"J. C. Bose University of Science and Technology, YMCA",Faridabad,Haryana
Manav Rachna International Institute of Research & Studies,Faridabad,Haryana
Manav Rachna University,Faridabad,Haryana
Dronacharya College of Engineering,Gurgaon,Haryana
G. D. Goenka University,Gurgaon,Haryana
Global Institute of Technology & Management,Gurgaon,Haryana
K. R. Mangalam University,Gurugram,Haryana
The Northcap University,Gurugram,Haryana
"Amity University Haryana, Gurgaon","Gurugram, Haryana",Haryana
College of Agricultural Engineering & Technology,Hisar,Haryana
"Guru Jambheshwar University of Science and Technology, Hissar",Hisar,Haryana
Delhi Global Institute of Technology,Jhajjar,Haryana
Ganga Institute of Technology & Management,Jhajjar,Haryana
Kurukshetra University,Kurukshetra,Haryana
National Institute of Technology Kurukshetra,Kurukshetra,Haryana
Central University of Haryana,Mahendergarh,Haryana
Asia Pacific Institute of Information Technology,Panipat,Haryana
Panipat Institute of Engineering & Technology,Panipat,Haryana
JAI PARKASH MUKAND LAL INNOVATIVE ENGINEERING AND TECHNOLOGY INSTITUTE,Radaur-135133,Haryana
"Maharshi Dayanand University, Rohtak",Rohtak,Haryana
Ch. Devi Lal State Institute of Engineering,Sirsa,Haryana
SRM University Delhi - NCR,Sonepat,Haryana
Bhagat Phool Singh Mahila Vishwavidyalaya (WOMEN UNIVERSITY),Sonipat,Haryana
Deenbandhu Chhotu Ram University of Science & Technology,Sonipat,Haryana
"National Institute of Food Technology, Enterprenurship & Management",Sonipat,Haryana
Seth Jai Parkash Mukand Lal Inst. of Engineering & Technology,Yamunanagar,Haryana
National Institute of Technology Hamirpur,Hamirpur,Himachal Pradesh
"Himalayan Institute of Engineering & Technology, Sadhoura Road, Kala Amb. Distt Sirmour",Kala-Amb,Himachal Pradesh
Rajiv Gandhi Govt. Engineering College,Kangra,Himachal Pradesh
Indian Institute of Technology Mandi,Mandi,Himachal Pradesh
Jawaharlal Nehru Govt.Engineering College,Mandi,Himachal Pradesh
GOVT. ENGINEERING COLLEGE KOTLA (JEORI),Shimla,Himachal Pradesh
"Baddi University of Emerging Sciences and Technology, Baddi (Makhnumajra), Solan",Solan,Himachal Pradesh
Chitkara University,Solan,Himachal Pradesh
Jaypee University of Information Technology,Solan,Himachal Pradesh
Shoolini University of Biotechnology and Management Sciences,Solan,Himachal Pradesh
"K.C. Education and Socail Welfare Society Group of Research & Professional Institutes, VPO pandoga, Uparla Tehsil & Distt Una",Una,Himachal Pradesh
SSM College of Engineering,Baramula,Jammu and Kashmir
Government College of Engineering & Technology,Jammu,Jammu and Kashmir
Indian Institute of Technology Jammu,Jammu,Jammu and Kashmir
Model Institute of Engineering and Technology,Jammu,Jammu and Kashmir
Shri Mata Vaishno Devi University,Katra,Jammu and Kashmir
"Islamic University of Science & Technology, Pulwama",Pulwama,Jammu and Kashmir
Baba Ghulam Shah Badshah University,Rajouri,Jammu and Kashmir
National Institute of Technology Srinagar,Srinagar,Jammu and Kashmir
Guru Gobind Singh Educational Society's Technical Campus,Bokaro,Jharkhand
Techno India Chaibasa,Chaibasa,Jharkhand
B I T SINDRI,Dhanbad,Jharkhand
Indian Institute of Technology (Indian School of Mines),Dhanbad,Jharkhand
Dumka Engineering College(ESTD. By Govt. of Jharkhand & Run by Techno India under PPP),Dumka,Jharkhand
Vinoba Bhave University,Hazaribag,Jharkhand
"National Institute of Technology, Jamshedpur",Jamshedpur,Jharkhand
"R.V.S Engineering College, Jamshedpur",Purbi Singhbhum,Jharkhand
Techno India Ramgarh,Ramgarh,Jharkhand
Birla Institute of Technology,Ranchi,Jharkhand
Cambridge Institute of Technology,Ranchi,Jharkhand
"National Institute of Advanced Manufacturing Technology, Ranchi",Ranchi,Jharkhand
RTC Institute of Technology,Ranchi,Jharkhand
"The Institute of Chartered Financial Analysts of India University, Jharkhand",Ranchi,Jharkhand
Basaveshwar Engineering College,Bagalkot,Karnataka
Rao Bahaddur Y Mahabaleshwarappa Engineering College,Ballari,Karnataka
"Adarsha Institute of Technology, Lingadjeera Gollahalli, Devanahalli",Bangalore,Karnataka
"Bangalore Institute of Technology, Bangalore",Bangalore,Karnataka
Bangalore University,Bangalore,Karnataka
"City Engineering College, BANGALORE",Bangalore,Karnataka
M.S. Ramaiah University of Applied Sciences,Bangalore,Karnataka
Sambhram Institute of Technology,Bangalore,Karnataka
"SEA College of Engineering & Technology, BANGALORE",Bangalore,Karnataka
"Sri Krishana Institute of Technology, BANGALORE",Bangalore,Karnataka
University Visvesvaraya College of Engineering,Bangalore,Karnataka
"Vivekananda Institute of Technology, Bangalore",Bangalore Rural,Karnataka
SHRI MADHWA VADIRAJA INSTITUTE OF TECHNOLOGY AND MANAGEMENT,Bantakal,Karnataka
Angadi Instittute of Technology and Management,Belagavi,Karnataka
"Gogte Institute of Technology, BELGAUM",Belagavi,Karnataka
"Jain College of Engineering, BELGAUM",Belgaum,Karnataka
Visvesvaraya Technological University,Belgaum,Karnataka
Ballari Institute of Technology & Management,Bellary,Karnataka
"Proudadevaraya Institute of Technology, HOSPET",Bellary,Karnataka
Acharya Institute of Technology,Bengaluru,Karnataka
ACS COLLEGE OF ENGINEERING,Bengaluru,Karnataka
Alliance University,Bengaluru,Karnataka
Atria Institute of Technology,Bengaluru,Karnataka
B.M.S. College of Engineering,Bengaluru,Karnataka
BMS Institute of Technology & Management,Bengaluru,Karnataka
BNM INSTITUTE OF TECHNOLOGY,Bengaluru,Karnataka
C M R Institute of Technology,Bengaluru,Karnataka
Cambridge Institute of Technology,Bengaluru,Karnataka
Christ University,Bengaluru,Karnataka
Dayananda Sagar Academy of Technology & Management Technical Campus,Bengaluru,Karnataka
Dayananda Sagar College of Engineering,Bengaluru,Karnataka
Dayananda Sagar University,Bengaluru,Karnataka
"Don Bosco Institute of Technology, BANGALORE",Bengaluru,Karnataka
Dr. Ambedkar Institute of Technology,Bengaluru,Karnataka
East West Institute of Technology,Bengaluru,Karnataka
Global Academy of Technology,Bengaluru,Karnataka
GOPALAN COLLEGE OF ENGINEERING AND MANAGEMENT,Bengaluru,Karnataka
International Institute of Information Technology Bangalore,Bengaluru,Karnataka
"Jain university,Bangalore",Bengaluru,Karnataka
JSS academy of Technical Education,Bengaluru,Karnataka
JYOTHY INSTITUTE OF TECHNOLOGY,Bengaluru,Karnataka
"K S Institute of Technology, BANGALORE",Bengaluru,Karnataka
K.S. School of Engineering and Management,Bengaluru,Karnataka
M.S. Ramaiah Institute of Technology,Bengaluru,Karnataka
MVJ College of Engineering,Bengaluru,Karnataka
"Nagarjuna College of Engg. & Technology, BANGALORE",Bengaluru,Karnataka
New Horizon College of Engineering,Bengaluru,Karnataka
Nitte Meenakshi Institute of Technology,Bengaluru,Karnataka
PES University,Bengaluru,Karnataka
"Presidency University , Bengaluru",Bengaluru,Karnataka
R. N. S. Institute of Technology,Bengaluru,Karnataka
R. R. Institute of Technology,Bengaluru,Karnataka
R.V. College of Engineering,Bengaluru,Karnataka
Reva University,Bengaluru,Karnataka
Sai Vidya Institute of Technology,Bengaluru,Karnataka
"Sir M Visvesvaraya Institute of Technology, BANGALORE",Bengaluru,Karnataka
SJB Institute Of Technology,Bengaluru,Karnataka
Sri Sairam College of Engineering,Bengaluru,Karnataka
SRI VENKATESHWARA COLLEGE OF ENGINEERING,Bengaluru,Karnataka
T John Institute Of Technology,Bengaluru,Karnataka
The Oxford College of Engineering,Bengaluru,Karnataka
Vemana Institute of Technology,Bengaluru,Karnataka
"Guru Nanak Dev Engineering College, BIDAR",Bidar,Karnataka
S J C INSTITUTE OF TECHNOLOGY,Chickballapur,Karnataka
Adichunchanagiri Institute of Technology,Chikmagalur,Karnataka
KLE Society`s College of Engineering & Technology,Chikodi,Karnataka
"Alvas Institute of Engineering and Technology, MOODBIDRI",Dakshina Kannada,Karnataka
Srinivas University,Dakshina Kannada,Karnataka
"JAIN INSTITUTE OF TECHNOLOGY, DAVANAGERE",Davanagere,Karnataka
BAPUJI INSTITUTE OF ENGINEERING & TECHNOLOGY,Davangere,Karnataka
"Indian Institute of Information Technology, Dharwad",Dharwad,Karnataka
Indian Institute Of Technology Dharwad,Dharwad,Karnataka
KLE Technological University,Dharwad,Karnataka
S. D. M. College of Engineering & Technology,Dharwad,Karnataka
"KLS Vishwanathrao Deshpande Institute of Technology, Haliyal",Haliyal,Karnataka
"Govt. Engineering College, Hassan",Hassan,Karnataka
"Malnad College of Engineering, HASSAN",Hassan,Karnataka
Government Engineering College,Haveri,Karnataka
K.L.E.INSTITUTE OF TECHNOLOGY,Hubballi,Karnataka
"P D A College of Engineering, GULBARGA",Kalaburagi,Karnataka
Sharnbasva University,Kalaburagi,Karnataka
Dr. T. Thimmaiah Institute of Technology,KGF,Karnataka
"Smt. Kamala & Vekappa M Agadi College of Engg. & Technology, Lakshmeshwara",Laxmeshwar,Karnataka
B. G. S. Institute of Technology,Mandya,Karnataka
G. Madegowda Institute of Technology,Mandya,Karnataka
"Maharaja Institute of Tech., Mysore",Mandya,Karnataka
"P E S College of Engineering, MANDYA",Mandya,Karnataka
A J Institute of Engineering and Technology Mangaluru,Mangaluru,Karnataka
Canara Engineering College,Mangaluru,Karnataka
Mangalore Institute of Technology & Engineering,Mangaluru,Karnataka
St. Joseph Engineering College,Mangaluru,Karnataka
MANIPAL INSTITUTE OF TECHNOLOGY,Manipal,Karnataka
ATME College of Engineering,Mysore,Karnataka
Vidya Vikas Institute of Engineering & Technology,Mysore,Karnataka
"G S S S Institute of Engineering & Technology for Women, MYSORE",Mysuru,Karnataka
JSS Science and Technology University,Mysuru,Karnataka
"Maharaja Institute of Technology, Thandavapura",Mysuru,Karnataka
The National Institute of Engineering,Mysuru,Karnataka
"Vidyavardhaka College of Engineering, MYSORE",Mysuru,Karnataka
Hirasugar Instiute of Technology,Nidasoshi,Karnataka
NMAM Institute of Technology,"Nitte, Udupi",Karnataka
Coorg Institute of Technology,Ponnampet,Karnataka
"Vivekananda College of Engg. & Tech., PUTTUR",Puttur,Karnataka
HKE`s SLN College of Engineering,Raichur,Karnataka
"Govt. Engineering College, RAMANAGARA",RAMANAGARA,Karnataka
J. N. N. College of Engineering,Shimoga,Karnataka
"PES Institute of Technology & Management, SHIVAMOGA",Shimoga,Karnataka
"Veerappa Nisty Engineering College, HASNAPUR",Shorapur,Karnataka
"National Institute of Technology Karnataka, Surathkal",Surathkal,Karnataka
"Kalpataru Institute of Technology, TIPTUR",Tumkur,Karnataka
Siddaganga Institute of Technology,Tumkur,Karnataka
"Sri Channabasaveshwara Institute of Technology, GUBBI",Tumkur,Karnataka
"Sri Siddhartha Institute of Technology, Tumkur.",Tumkur,Karnataka
SDM INSTITUTE OF TECHNOLOGY UJIRE-574240,Ujire,Karnataka
"B.L.D.E.A's V.P. Dr. P.G. Halakatti College of Engg. & Tech., Vijayapur",Vijayapur,Karnataka
"College of Engineering, Cherthala",Cherthala,Kerala
Model Engineering College,Cochin,Kerala
SCMS School of Engineering & Technology,Cochin,Kerala
Federal Institute of Science and Technology (FISAT),Ernakulam,Kerala
KMEA Engineering College,Ernakulam,Kerala
"Mar Athanasius College of Engineering, Kothamangalam, Ernakulam -686 666",Ernakulam,Kerala
Rajagiri School of Engineering and Technology (AUTONOMOUS),Ernakulam,Kerala
"Toc-H Institute of Science and Technology, Arakunnam",Ernakulam,Kerala
Adi Shankara Institute of Engineering and Technology,Kalady,Kerala
Vimal Jyothi Engineering College,Kannur,Kerala
"College of Engineering ,Karunagappally",Karunagappally,Kerala
Albertian Institute of Science and Technology - AISAT,KOCHI,Kerala
College of Engineering Perumon,Kollam,Kerala
T. K. M. Institute of Technology,Kollam,Kerala
TKM College of Engineering,Kollam,Kerala
"SREEPATHY INSTITUTE OF MANAGEMENT & TECHNOLOGY, VAVANOOR",Koottanad,Kerala
Mar Baselios Institute of Technology and Science,Kothamangalam,Kerala
AMAL JYOTHI COLLEGE OF ENGINEERING,Kottayam,Kerala
College of Engineering,Kottayam,Kerala
"Mangalam College of Engineering, Mangalam Hills, Ettumanoor P.O, Kottayam-686 631",Kottayam,Kerala
Rajiv Gandhi Institute of Technology,Kottayam,Kerala
Saintgits College of Engineering,Kottayam,Kerala
"GOVT. ENGINEERING COLLEGE, KOZHIKODE",Kozhikode,Kerala
National Institute of Technology Calicut,Kozhikode,Kerala
"ERANAD KNOWLEDGE CITY TECHNICAL CAMPUS, CHERUKULAM, MANJERI",Malappuram,Kerala
Vedavyasa Institute of Technology,Malappuram,Kerala
MES Engineering College,Malappuram District,Kerala
Indian Institute of Technology Palakkad,Palakkad,Kerala
NSS College of Engineering,Palakkad,Kerala
Nehru College of Engineering and Research Centre,Pampady,Kerala
Valia Koonambaikulathamma College of Engineering and Technology,Parippally,Kerala
"College of Engineering, Pathanapuram",Pathanapuram,Kerala
"Sree Buddha College of Engineering, Pattoor",Pattoor,Kerala
Mar Baselios Christian College of Engineering & Technology,Peermade,Kerala
MUTHOOT INSTITUTE OF TECHNOLOGY AND SCIENCE,Puthencruz,Kerala
Government Engineering College Sreekrishnapuram,SREEKRISHNAPURAM,Kerala
College of Engineering Trivandrum,Thiruvananthapuram,Kerala
Indian Institute of Space Science and Technology,Thiruvananthapuram,Kerala
Mar Baselios College of Engineering and Technology,Thiruvananthapuram,Kerala
Marian Engineering College,Thiruvananthapuram,Kerala
Rajadhani Institute of Engineering and Technology,THIRUVANANTHAPURAM,Kerala
"Sree Chitra Thirunal College of Engineering, Pappanamcode, Thiruvanthapuram",Thiruvananthapuram,Kerala
University College of Engineering,Thodupuzha,Kerala
Christ College of Engineering,Thrissur,Kerala
"Government Engineering College, Thrissur",Thrissur,Kerala
Jyothi Engineering College,Thrissur,Kerala
Vidya Academy of Science & Technology,Thrissur,Kerala
School of Engineering and Technology,Balaghat,Madhya Pradesh
"Bansal Institute of Science & Technology, Raisen Road, Kokta, Anand Nagar, Bhopal - 462021",Bhopal,Madhya Pradesh
"Barkatullah University, Bhopal",Bhopal,Madhya Pradesh
Bhabha Engineering Research Institute,Bhopal,Madhya Pradesh
I. E. S. College of Technology,Bhopal,Madhya Pradesh
I. E. S. Institute of Technology and Management,Bhopal,Madhya Pradesh
Indian Institute of Science Education & Research Bhopal,Bhopal,Madhya Pradesh
"Jagran Lakecity University, Bhopal",Bhopal,Madhya Pradesh
Jai Narain College Of Technology,Bhopal,Madhya Pradesh
Lakshmi Narain College of Technology,Bhopal,Madhya Pradesh
Lakshmi Narain College of Technology & Science,Bhopal,Madhya Pradesh
Lakshmi Narain College of Technology Excellence,Bhopal,Madhya Pradesh
Maulana Azad National Institute of Technology,Bhopal,Madhya Pradesh
NRI Institute of Information Science and Technology,Bhopal,Madhya Pradesh
Oriental College of Technology,Bhopal,Madhya Pradesh
Oriental Institute of Science and Technology,Bhopal,Madhya Pradesh
Rajiv Gandhi Proudyogiki Vishwavidyalaya,Bhopal,Madhya Pradesh
RKDF University,Bhopal,Madhya Pradesh
Sagar Institute of Research & Technology,Bhopal,Madhya Pradesh
Sagar Institute of Science Technology & Research (SISTEC-R),Bhopal,Madhya Pradesh
"Sagar Institute of Science Technology and Engineering (SISTec-E), Sikandrabad, Near Ratibad, Bhadbhada Road, Bhopal",Bhopal,Madhya Pradesh
Sarvepalli Radhakrishnan University,Bhopal,Madhya Pradesh
Sri Satya Sai College of Engineering,Bhopal,Madhya Pradesh
Technocrats Institute Of Technology,Bhopal,Madhya Pradesh
"Technocrats Institute of Technology (Excellence), Anand Nagar, PB No. 24, Post Piplani, BHEL, Bhopal - 462021",Bhopal,Madhya Pradesh
"Truba Institute of Engineering & Information Technology, Karod-Gandhi Nagar By-Pass Road, Bhopal-462036",Bhopal,Madhya Pradesh
Vedica Institute of Technology,Bhopal,Madhya Pradesh
Jaypee University of Engineering & Technology,Guna,Madhya Pradesh
"Amity University, Gwalior",Gwalior,Madhya Pradesh
Atal Bihari Vajpayee Indian Institute of Information Technology and Management,Gwalior,Madhya Pradesh
Institute of Technology and Management,Gwalior,Madhya Pradesh
IPS College of Technology & Management,Gwalior,Madhya Pradesh
ITM University,Gwalior,Madhya Pradesh
"Madhav Institute of Technology and Science, Gole ka Mandir, P.O. Residency, Gwalior-474005",Gwalior,Madhya Pradesh
Acropolis Institute Of Technology And Research,Indore,Madhya Pradesh
Devi Ahilya Vishwavidyalaya,Indore,Madhya Pradesh
Indian Institute of Technology Indore,Indore,Madhya Pradesh
Indore Institute of Science and Technology,Indore,Madhya Pradesh
"IPS ACADEMY, INSTITUTE OF ENGINEERING and SCIENCE, INDORE (MP)",Indore,Madhya Pradesh
Medi-Caps University,Indore,Madhya Pradesh
Oriental University - Indore,Indore,Madhya Pradesh
Prestige Institute Of Engineering Management & Research,Indore,Madhya Pradesh
"S.D. Bansal College of Engg., Indore",Indore,Madhya Pradesh
"S.D. Bansal College of Technology, Umariya, A.B.Road, Indore",Indore,Madhya Pradesh
SAGE University Indore,Indore,Madhya Pradesh
Shri G. S. Institute of Technology & Science,Indore,Madhya Pradesh
Shri Vaishnav Vidyapeeth Vishwavidyalaya,Indore,Madhya Pradesh
"Vikrant Institute of Technology and Management, Borkhedi, Behind Veterinary College, AB Road, Indore- 453446",INDORE,Madhya Pradesh
"Facult Nature CareSangathan's Group of Instiutitions, Near Patan Bypass Road Square, Gram-Raighawa,-Jabalpur-482002",Jabalpur,Madhya Pradesh
Government Engineering College,Jabalpur,Madhya Pradesh
"Gyan Ganga College of Technology, Jabalpur",Jabalpur,Madhya Pradesh
Gyan Ganga Institute of Technology & Sciences,Jabalpur,Madhya Pradesh
"Pandit Dwarka Prasad Mishra Indian Institute of Information Technology, Design and Manufacturing (IIITDM) Jabalpur",Jabalpur,Madhya Pradesh
Rabindranath Tagore University,Raisen,Madhya Pradesh
Rewa Engineering College,Rewa,Madhya Pradesh
"Sri Satya Sai University of Technology & Medical Sciences, Sehore",Sehore,Madhya Pradesh
Babulal Tarabai Institute of Research & Technology,Sironja,Madhya Pradesh
Rustamji Institute of Technology,Tekanpur,Madhya Pradesh
Ujjain Engineering College,Ujjain,Madhya Pradesh
"Samrat Ashok Technological Institute,Civil Lines, Netaji Subhash Marg, Vidisha",Vidisha,Madhya Pradesh
College of Engineering & Technology,AKOLA,Maharashtra
Dr.Rajendra Gode Institute of Technology and Research Amravati,Amravati,Maharashtra
"Government College of Engineering, Amravati",Amravati,Maharashtra
H. V. P. Mandal`s College of Engineering & Technology,Amravati,Maharashtra
"P. R. Pote (Patil) Education & Welfare Trust's Group of Institutions's College of Engineering & Management, Amravati.",AMRAVATI,Maharashtra
PROF RAM MEGHE COLLEGE OF ENGINEERING & MANAGEMENT,Amravati,Maharashtra
"Sipna College of Engineering and Technology, Amravati",Amravati,Maharashtra
"Annasaheb Dange College of Engineering and Technology, Ashta",Ashta,Maharashtra
CSMSS Chh. Shahu College of Engineering,Aurangabad,Maharashtra
Deogiri Technical Campus for Engineering and Management Studies,Aurangabad,Maharashtra
"Everest Education Society Sanchalit, College of Engineering",Aurangabad,Maharashtra
Government College of Engineering (Academic Autonomous),Aurangabad,Maharashtra
Hi-Tech Institute of Technology,Aurangabad,Maharashtra
Maharashtra Institute of Technology,Aurangabad,Maharashtra
Mahatma Gandhi Mission`s Jawaharlal Nehru Engineering College,Aurangabad,Maharashtra
Shreeyash Pratishthan`s Shreeyash College of Engineering and Technology,Aurangabad,Maharashtra
Government College of Engineering and Research,Avasari (Khurd),Maharashtra
Prof. Ram Meghe Institute of Technology & Research,Badnera-Amravati,Maharashtra
"Vidya Pratishthan's Kamalnayan Bajaj Institute of Engineering & Technology, Baramati, M.I.D.C.road, District - Pune",Baramati,Maharashtra
PADMABHOOSHAN VASANTRAODADA PATIL INSTITUTE OF TECHNOLOGY,Budhgaon,Maharashtra
"Govt Engineering College, Ballarpur road",Chandrapur,Maharashtra
"Rajiv Gandhi College of Engineering, Research and Technology",Chandrapur,Maharashtra
SHRI SAI COLLEGE OF ENGINEERING & TECHNOLOGY,Chandrapur,Maharashtra
"Shri Neminath Jain Brahmacharyashramas College of Engineering, Neminagar, Chandwad, Dist.Nashik 423101",Chandwad,Maharashtra
Rajendra Mane College of Engineering & Technology,Devrukh,Maharashtra
"Shri Shivaji Vidya Prasarak Sanstha`s Late Bapusaheb Shivajirao Deore College of Engineering, Dhule",Dhule,Maharashtra
SHIVAJIRAO S JONDHALE COLLEGE OF ENGINEERING,Dombivli,Maharashtra
"D.K.T.E.SOCIETYs TEXTILE AND ENGINEERING INSTITUTE, ICHALKARANJI",Ichalkaranji,Maharashtra
Kasegaon Education Society`s Rajarambapu Institute of Technology,Islampur,Maharashtra
GF's Godavari College of Engineering,Jalgaon,Maharashtra
"Government College of Engineering, Jalgaon",Jalgaon,Maharashtra
"Khandesh College Education Society?s College of Engineering and Management, Jalgaon",Jalgaon,Maharashtra
SSBT's College of Engineering & Technology,Jalgaon,Maharashtra
University Institute of Chemical Technology,Jalgaon,Maharashtra
"Matsyodari Shikshan Sanstha's College of Engineering and Technology, Jalna",Jalna,Maharashtra
Government College of Engineering,Karad,Maharashtra
"Group of Institutions College of Engineering, A-p. Kashti, Tal. Shrigonda,Dist.Ahmednagar",Kashti,Maharashtra
Bharati Vidyapeeth`s College of Engineering,Kolhapur,Maharashtra
D. Y. Patil College of Engineering & Technology,Kolhapur,Maharashtra
"D. Y. Patil Education Society, D.Y. Patil Technical Campus, Faculty of Engineering",Kolhapur,Maharashtra
Dr D Y Patil Prathisthan College of Engineering Salokhe-Nagar Kolhapur,KOLHAPUR,Maharashtra
"Dr. J. J. Magdum College of Engineering, JAYSINGPUR",Kolhapur,Maharashtra
Kolhapur Institute of Technology`s College of Engineering (Autonomous),Kolhapur,Maharashtra
Shri Balasaheb Mane Shikshan Prasarak Mandal Ambap`s Ashokrao Mane Group of Institutions,Kolhapur,Maharashtra
Sanjivani Rural Education Society's College of Engineering,Kopargaon,Maharashtra
"M.S. Bidwe College of Engineering, Latur",Latur,Maharashtra
PRAVARA RURAL ENGINEERING COLLEGE,Loni,Maharashtra
"SANT GAJANAN MAHARAJ COLLEGE OF ENGINEERING, KOLHAPUR",Mahagaon,Maharashtra
SF's Sandip Institute of Technology and Research Centre,Mahiravani,Maharashtra
"Padmshri Dr.V.B.Kolte College of Engineering, Malkapur",Malkapur,Maharashtra
"Amity University, Mumbai",Mumbai,Maharashtra
Bharatiya Vidya Bhavan`s Sardar Patel Institute of Technology,Mumbai,Maharashtra
Don Bosco Institute Of Technology - Mumbai,Mumbai,Maharashtra
Fr. Conceicao Rodrigues College of Engineering,Mumbai,Maharashtra
Indian Institute of Technology Bombay,Mumbai,Maharashtra
Institute of Chemical Technology,Mumbai,Maharashtra
K J Somaiya Institute of Technology,Mumbai,Maharashtra
K. J. Somaiya College of Engineering,Mumbai,Maharashtra
Sardar Patel College of Engineering,Mumbai,Maharashtra
St. Francis Institute of Technology,Mumbai,Maharashtra
SVKM`s Narsee Monjee Institute of Management Studies,Mumbai,Maharashtra
Thadomal Shahani Engineering College,Mumbai,Maharashtra
Thakur College of Engineering & Technology,Mumbai,Maharashtra
Name,City,State
Usha Mittal Institute of Technology for Women,Mumbai,Maharashtra
Vasantdada Patil Pratishthan's College of Engineering and Visual Arts,Mumbai,Maharashtra
"Veermata Jijabai Technological Institute, (VJTI, Mumbai)",Mumbai,Maharashtra
Vidyalankar Institute of Technology Pearl Center,Mumbai,Maharashtra
"Xavier Institute of Engineering, Mahim, Mumbai - 400016",Mumbai,Maharashtra
ATHARVA COLLEGE OF ENGINEERING,Mumbai Suburban,Maharashtra
Shah And Anchor Kutchhi Engineering College,Mumbai Suburban,Maharashtra
Shri Vile Parle Kelavani Mandal`s Dwarkadas J. Sanghvi College of Engineering,Mumbai Suburban,Maharashtra
Vivekanand Education Society`s Institute of Technology Sindhi Society,Mumbai Suburban,Maharashtra
ANJUMAN COLLEGE OF ENGINEERING & TECHNOLOGY,Nagpur,Maharashtra
"G. H. Raisoni College of Engineering, Nagpur",Nagpur,Maharashtra
GURU NANAK INSTITUTE OF TECHNOLOGY,Nagpur,Maharashtra
"Gurunank Institute of Engineering and Technology, Dahegaon",Nagpur,Maharashtra
"Indian Institute of Information Technology, Nagpur",NAGPUR,Maharashtra
J. D. College of Engineering,Nagpur,Maharashtra
Jhulelal Institute of Technology,Nagpur,Maharashtra
"Karamvir Dadasaheb Kannamwar Engineering College, Nandanvan",Nagpur,Maharashtra
Laxminarayan Institute of Technology,Nagpur,Maharashtra
MKSSS`s Cummins College of Engineering for Women,Nagpur,Maharashtra
"Nagpur Institute of Technology, Katol road",Nagpur,Maharashtra
National Fire Service College,Nagpur,Maharashtra
Priyadarshini Bhagwati College of Engineering,Nagpur,Maharashtra
Priyadarshini Engineering College,Nagpur,Maharashtra
S. B. Jain Institute of Technology Management and Research,Nagpur,Maharashtra
Shri Ramdeobaba College of Engineering and Management,Nagpur,Maharashtra
St. Vincent Palloti College of Engineering and Technology,Nagpur,Maharashtra
"Suryodaya College of Engineering and Technology, Nagpur",Nagpur,Maharashtra
TULSIRAMJI GAIKWAD-PATIL COLLEGE OF ENGINEERING AND TECHNOLOGY,Nagpur,Maharashtra
"Visvesvaraya National Institute of Technology, Nagpur",Nagpur,Maharashtra
Yeshwantrao Chavan College of Engineering,Nagpur,Maharashtra
"M.G.M'S COLLEGE OF ENGINEERING ,NANDED",Nanded,Maharashtra
Shri Guru Gobind Singhji Institute of Engineering and Technology,Nanded,Maharashtra
"PSGVPM`s D.N.Patel College of Engineering, Shahada",Nandurbar,Maharashtra
"Brahma Valley College of Engineering & Research Institute, Brahma Valley Campus, Anjaneri, Trimbakeshwar",Nashik,Maharashtra
"Gokhale Education Society's R. H. Sapat College of Engineering, Management Studies and Research",Nashik,Maharashtra
K. K. Wagh Institute Of Engineering Education & Research,Nashik,Maharashtra
"Kalyani Charitable Trusts Late G.N.Sapkal College of Engineering , Sapkal Knowledge Hub,Kalyani Hills, Anjaneri Vadholi, Tryambakeshwar, Dist.Nashik 422212",Nashik,Maharashtra
MARATHA VIDYA PRASARAK SAMAJ'S KARMAVEER ADV. BABURAO GANPATRAO THAKARE COLLEGE OF ENGINEERING,Nashik,Maharashtra
"Matoshri Education Society's Matoshri College of Engineering & Research Centre, At-Po.Eklahare, Tal. & District- Nashik 422105.",Nashik,Maharashtra
"BHARATI VIDYAPEETH COLLEGE OF ENGINEERING, NAVI MUMBAI",Navi Mumbai,Maharashtra
DATTA MEGHE COLLEGE OF ENGINEERING,Navi Mumbai,Maharashtra
Fr. C. Rodrigues Institute of Technology,Navi Mumbai,Maharashtra
Ramrao Adik Institute of Technology,Navi Mumbai,Maharashtra
Saraswati Education Society`s Saraswati College of Engineering,Navi Mumbai,Maharashtra
SIES Graduate School of Technology,Navi Mumbai,Maharashtra
Terna Public Charitable Trust's Terna Engineering College,Navi Mumbai,Maharashtra
Anjuman-I-Islam`s Kalsekar Technical Campus,New Panvel,Maharashtra
Aldel Education Trust's St. John College of Engineering,Palghar,Maharashtra
Haji Jamaluddin Thim TrustTheem College of Engineering At Village Betegaon Boisar Chikhar Road (N.H.No.8) Near Union Park Boisar(E) Tal Palghar Dist. Thane 401 501,Palghar,Maharashtra
"Vidya Vikas Education Trust Universal College of Engineering, Thane",Palghar,Maharashtra
SKN SINHAGAD COLLEG OF ENGINEERING KORTI TAL PANDHARPUR DIST-SOLAPUR,Pandharpur,Maharashtra
"SVERI's College of Engineering, Pandharpur",Pandharpur,Maharashtra
SANJEEVAN ENGINEERING & TECHNOLOGY INSTITUTE,Panhala,Maharashtra
"(A.B.M.S.) Akhil Bharatiya Maratha Shikshan Parishad's College of Engineering & Research Address: S. No. 103, Shahu College Campus, Parvati, Taluka: Pune (corporation Area) District: Pune - 411009",Pune,Maharashtra
Ajeenkya DY Patil School of Engineering,Pune,Maharashtra
"All India Shivaji Memorial Societys College of Engineering, Pune",Pune,Maharashtra
All India Shri Shivaji Memorial Society`s Institute of Information Technology,Pune,Maharashtra
Army Institute of Technology,Pune,Maharashtra
Bharati Vidyapeeth 'S College of Engineering for Women,Pune,Maharashtra
Bharati Vidyapeeth Deemed University College of Engineering,Pune,Maharashtra
Bharati Vidyapeeth`s College of Engineering,Pune,Maharashtra
"College of Engineering, Pune",Pune,Maharashtra
Defence Institute of Advanced Technology,Pune,Maharashtra
"DHOLE PATIL EDUCATION SOCIETY'S, DHOLE PATIL COLLEGE OF ENGINEERING.",Pune,Maharashtra
"Dr D. Y. Patil Pratishthans D.Y. Patil College of Engineering, Akurdi, Pune",Pune,Maharashtra
"Dr. D. Y. Patil Institute of Engineering, Management and Research",Pune,Maharashtra
Dr. D. Y. Patil Institute of Technology,Pune,Maharashtra
Dr. Vishwanath Karad MIT World Peace University,Pune,Maharashtra
"Indian Institute of Information Technology, Pune",Pune,Maharashtra
International Institute of Information Technology (I?IT),Pune,Maharashtra
JSPM'S RAJARSHI SHAHU COLLEGE OF ENGINEERING,Pune,Maharashtra
K. J. S. Educational Institute`s Trinity College of Engineering and Research,Pune,Maharashtra
Maharshi Karve Stree Shikshan Samstha's Cummins College of Engineering for Women,Pune,Maharashtra
Marathwada Mitra Mandal College of Engineering Pune,Pune,Maharashtra
MARATHWADA MITRA MANDAL'S INSTITUTE OF TECHNOLOGY,Pune,Maharashtra
MIT Academy of Engineering,Pune,Maharashtra
"MIT Art, Design and Technology University, Pune",Pune,Maharashtra
Modern Education Society`s College of Engineering,Pune,Maharashtra
Pimpri Chinchwad College of Engineering,Pune,Maharashtra
"Pimpri Chinchwad Education Trust's Pimpri Chinchwad College of Engineering and Research, Laxminagar, Ravet",Pune,Maharashtra
Progressive Educational Society`s Modern College of Engineering,Pune,Maharashtra
Pune Vidyarthi Griha's College of Science and Technology,Pune,Maharashtra
SCTR's Pune Institute of Computer Technology,Pune,Maharashtra
Shree Chanakya Education Societys Indira College,Pune,Maharashtra
Shree Ramchandra College of Enginnering,Pune,Maharashtra
Sinhgad Academy of Engineering,Pune,Maharashtra
Sinhgad College of Engineering,Pune,Maharashtra
Sinhgad Technical Education Society`s Sinhgad Institute of Technology,Pune,Maharashtra
Sinhgad Technical Education Society`s SKN Sinhgad Institute of Technology and Science,Pune,Maharashtra
"SINHGAD TECHNICAL EDUCATION SOCIETYS NBN SINHGAD TECHNICAL INSTITUTES CAMPUS, PUNE",Pune,Maharashtra
"Sinhgad Technical Education Societys Rasiklal M Dhariwal Sinhgad Technical Institutes Campus, Pune",Pune,Maharashtra
Smt. Kashibai Navale College of Engineering,Pune,Maharashtra
Vishwakarma Institute of Information Technology,Pune,Maharashtra
Vishwakarma Institute of Technology,Pune,Maharashtra
"Vishwakarma University, Pune",Pune,Maharashtra
Dr. Babasaheb Ambedkar Technological University,Raigarh,Maharashtra
"Mahatma Education Society's, Pillai HOC College of Engineering and technology",Raigarh,Maharashtra
Pillai College of Engineering,Raigarh,Maharashtra
VISHWANIKETANs INSTITUTE OF MANAGEMENT ENTREPRENEURSHIP and ENGINEERING TECHNOLOGY,Raigarh,Maharashtra
Finolex Academy of Management and Technology,Ratnagiri,Maharashtra
Gharda Foundations Gharda Institute of Technology,Ratnagiri,Maharashtra
"Amrutvahini College of Engineering, Sangamner",Sangamner,Maharashtra
"Shri Ambabai Talim Sanstha's Sanjay Bhokre Group of Institutes, Miraj",Sangli,Maharashtra
Walchand College of Engineering,Sangli,Maharashtra
Karmaveer Bhaurao Patil College of Engineering,Satara,Maharashtra
"Yashoda Technical campus, Faculty of Engineering, Wadhe",SATARA,Maharashtra
"MAULI GROUP OF INSTITUTIONS, COLLEGE OF ENGINEERING AND TECHNOLOGY",Shegaon,Maharashtra
"Shri Sant Gajanan Maharaj Engineering College, Shegaon.",Shegaon,Maharashtra
"SES'S R.C.PATEL INSTITUTE OF TECHNOLOGY, SHIRPUR",Shirpur,Maharashtra
"JAYAWANTI BABU FOUNDATION+?-?-?S METROPOLITAN INSTITUTE OF TECHNOLOGY AND MANAGEMENT, SINDHUDURG",Sindhudurg,Maharashtra
A G PATIL INSTITUTE OF TECHNOLOGY 18 2A2 PRATANAGER SOREGON ROAD,Solapur,Maharashtra
Brahmdevdada Mane Institute of Technology,Solapur,Maharashtra
Walchand Institute of Technology,Solapur,Maharashtra
A P Shah Institute Of Technology,Thane,Maharashtra
Koti Vidya Charitable Trusts Alamuri Ratnamala Institute of Engineering & Technology,Thane,Maharashtra
"SHREE L R TIWARI COLLEGE OF ENGINEERING, THANE",Thane,Maharashtra
VIDYAVARDHINI'S COLLEGE OF ENGINEERING AND TECHNOLOGY,Vasai,Maharashtra
Vidya Prasarak Mandal's Maharshi Parshuram College of Engineering,Velneshwar,Maharashtra
"Tatyasaheb Kore Institute of Engineering & Technology, WARANANAGAR",Warananagar,Maharashtra
Jawaharlal Darda Institute of Engineering & Technology,Yavatmal,Maharashtra
National Institute of Technology Manipur,Imphal,Manipur
Manipur Institute of Technology,Imphal West,Manipur
National Institute of Technology Meghalaya,Shillong,Meghalaya
National Institute of Technology Mizoram,Aizawl,Mizoram
National Institute of Technology Nagaland,Dimapur,Nagaland
National Institute of Science & Technology,Berhampur,Odisha
Parala Maharaja Engineering College,Berhampur,Odisha
"Barrister Ranjit Mohanty International Institute of Technology (BRMIIT), Bhubaneswar",Bhubaneswar,Odisha
"C.V. Raman Global University, Odisha",Bhubaneswar,Odisha
"Capital Engineering College, (CEC), Mahatpala, Khordha",Bhubaneswar,Odisha
"Central Institute of Plastic Engineering and Technology (CIPET), Bhubaneswar",Bhubaneswar,Odisha
"College of Engineering & Technology, Bhubaneswar",Bhubaneswar,Odisha
Gandhi Engieering College (GEC),Bhubaneswar,Odisha
"Gandhi Institute for Education and Technology (GIET), Bhubaneswar",Bhubaneswar,Odisha
Gandhi Institute for Technology (GIFT),Bhubaneswar,Odisha
Gandhi Institute of Technological Advancement (GITA),Bhubaneswar,Odisha
Indian Institute of Technology Bhubaneswar,Bhubaneswar,Odisha
International Institute of Information Technology Bhubaneswar,Bhubaneswar,Odisha
Kalinga Institute of Industrial Technology,BHUBANESWAR,Odisha
Siksha `O` Anusandhan,Bhubaneswar,Odisha
"Silicon Institute of Technology (SIT), Bhubaneswar",Bhubaneswar,Odisha
Trident Academy of Technology (TAT),Bhubaneswar,Odisha
Veer Surendra Sai University of Technology,Burla,Odisha
Driems,Cuttack,Odisha
Bhubaneswar College Of Engineering,Damanabhuin,Odisha
"Indira Gandhi Institute of Technology (IGIT), Sarang",Dhenkanal,Odisha
Synergy Institute of Engineering & Technology,Dhenkanal,Odisha
Gandhi Institute of Engineering and Technology,Gunupur,Odisha
Government College of Engineering,Kalahandi,Odisha
Government College of Engineering,Keonjhar,Odisha
"College of Engineering (CEB), Bhubaneswar",Khordha,Odisha
Sophitorium Engineering College,"Khurda, Bhubaneswar",Odisha
Centurion University of Technology and Management,Paralakhemundi,Odisha
National Institute of Technology Rourkela,Rourkela,Odisha
National Institute of Technology Puducherry,Karaikal,Pondicherry
Perunthalaivar Kamarajar Institute of Engineering and Technology,Karaikal,Pondicherry
Manakulavinayagar Institute of Technology,Puducherry,Pondicherry
Pondicherry Engineering College,Puducherry,Pondicherry
Rajiv Gandhi College of Engineering and Technology,Puducherry,Pondicherry
Sri Manakula Vinayagar Engineering College,Puducherry,Pondicherry
Amritsar College of Engineering & Technology,Amritsar,Punjab
Khalsa College of Engg. and Technology,Amritsar,Punjab
"Baba Farid College of Engineering& Technology, Bathinda",Bathinda,Punjab
Giani Zail Singh Campus College of Engineering & Technology Bathinda,Bathinda,Punjab
Guru Kashi University,Bathinda,Punjab
Maharaja Ranjit Singh State Technical University,Bathinda,Punjab
"Baba Banda Singh Bahadur Engineering College, Fatehgarh Sahib",Fatehgarh Sahib,Punjab
Sri Guru Granth Sahib World University,Fatehgarh Sahib,Punjab
Shaheed Bhagat Singh State University,Firozepur,Punjab
"Beant College Of Engineering & Technology,Gurdaspur",Gurdaspur,Punjab
"Sri Sai College of Engg and Technology , Badhani",Gurdaspur,Punjab
"CT Institute of Engg. Management and Technology, Shahpur",Jalandhar,Punjab
DAV Institute of Engineering & Technology,Jalandhar,Punjab
"Dr. B R Ambedkar National Institute of Technology, Jalandhar",Jalandhar,Punjab
G. N. A. University,Kapurthala,Punjab
I.K. Gujral Punjab Technical University,Kapurthala,Punjab
Gulzar Group of Institutions,Khanna,Punjab
Sant Longowal Institute of Engineering & Technology,Longowal,Punjab
Guru Nanak Dev Engineering College,Ludhiana,Punjab
Desh Bhagat University,Mandi Gobindgarh,Punjab
RIMT University,Mandi Gobindgarh,Punjab
"Chandigarh Engineering College-CGC, Landran",Mohali,Punjab
Chandigarh University,Mohali,Punjab
"Aman Bhalla Institute of Engg. & Tech, Jhakolari, Pathankot",Pathankot,Punjab
"Punjabi University, Patiala",Patiala,Punjab
Thapar Institute of Engineering and Technology (Deemed-to-be-university),Patiala,Punjab
Lovely Professional University,Phagwara,Punjab
Chitkara University,Rajpura,Punjab
"Institute of Engg. & Tech, Bhaddal",Ropar,Punjab
Indian Institute of Technology Ropar,Rupnagar,Punjab
Chandigarh Engineering College Jhanjeri,Sahibzada Ajit Singh Nagar,Punjab
Universal Institute of Engineering & Technology,Sahibzada Ajit Singh Nagar,Punjab
Aryabhatta College Of Engineering And Research Center,Ajmer,Rajasthan
"Govt. Mahila Engineering College,Ajmer",Ajmer,Rajasthan
Banasthali Vidyapith,Banasthali,Rajasthan
GOVERNMENT ENGINEERING COLLEGE BHARATPUR,Bharatpur,Rajasthan
Engineering College Bikaner,Bikaner,Rajasthan
"Amity University Rajasthan,Jaipur",Jaipur,Rajasthan
Anand International College of Engineering,Jaipur,Rajasthan
"Arya College of Engg. & Information Technology, Jaipur",Jaipur,Rajasthan
ARYA INSTITUTE OF ENGINEERING & TECHNOLOGY,Jaipur,Rajasthan
Global Institute of Technology,Jaipur,Rajasthan
J. K. Lakshmipat University,Jaipur,Rajasthan
JECRC University,Jaipur,Rajasthan
Malaviya National Institute of Technology,Jaipur,Rajasthan
Manipal University Jaipur,Jaipur,Rajasthan
"Poornima Institute of Engineering & Technology,Jaipur",Jaipur,Rajasthan
"Swami Keshvanand Institute of Technology, Management & Gramothan",Jaipur,Rajasthan
"The LNM Institute of Information Technology, Jaipur",Jaipur,Rajasthan
University of Engineering and Management,Jaipur,Rajasthan
"Government Engineering College, Jhalawar",Jhalawar,Rajasthan
"B K Birla Institute of Engineering & Technology, Pilani",Jhunjhunun,Rajasthan
Indian Institute of Technology Jodhpur,Jodhpur,Rajasthan
"MBM University, Jodhpur",JODHPUR,Rajasthan
Central University of Rajasthan,Kishangarh,Rajasthan
"Modi Institute of Technology,Kota",Kota,Rajasthan
"Rajasthan Technical University, Kota",Kota,Rajasthan
"Shrinathji Institute of Technology & Engineering, Nathdwara, Rajsamand",Nathdwara,Rajasthan
Birla Institute of Technology & Science -Pilani,Pilani,Rajasthan
"Aravali Institute of Technical Studies,Udaipur",Udaipur,Rajasthan
College of Technology and Engineering,Udaipur,Rajasthan
Geetanjali Institute of Technical Studies,Udaipur,Rajasthan
"S.S. College of Engineering,Udaipur",UDAIPUR,Rajasthan
Sir Padmapat Singhania University,Udaipur,Rajasthan
Sikkim Manipal Institute of Technology (SMIT),Rangpo,Sikkim
National Institute of Technology Sikkim,South Sikkim,Sikkim
Annamalai University,Annamalainagar,Tamil Nadu
Sree Sowdambika College of Engineering,Aruppukottai,Tamil Nadu
Tagore Institute of Engineering and Technology,Attur,Tamil Nadu
St. Peter`s College of Engineering and Technology,Avadi,Tamil Nadu
Sree Sastha Institute of Engineering and Technology,Chembarambakkam,Tamil Nadu
Adhiparasakthi Engineering College,Chengalpat,Tamil Nadu
Aarupadai Veedu Institute of Technology,Chengalpattu,Tamil Nadu
Karpaga Vinayaga College of Engineering and Technology,Chengalpet,Tamil Nadu
Agni College of Technology,Chennai,Tamil Nadu
ANAND INSTITUTE OF HIGHER TECHNOLOGY,Chennai,Tamil Nadu
Anna University,Chennai,Tamil Nadu
B. S. Abdur Rahman Crescent Institute of Science and Technology,Chennai,Tamil Nadu
Central Institute of Plastics Engineering and Technology,Chennai,Tamil Nadu
Chennai Institute of Technology,Chennai,Tamil Nadu
Dhanalakshmi College of Engineering,Chennai,Tamil Nadu
Easwari Engineering College,Chennai,Tamil Nadu
G. K. M. College of Engineering and Technology,Chennai,Tamil Nadu
Gojan School of Business and Technology,Chennai,Tamil Nadu
Hindustan Institute of Technology and Science (HITS),Chennai,Tamil Nadu
"Indian Institute of Information Technology, Design & Manufacturing, Kancheepuram",Chennai,Tamil Nadu
Indian Institute of Technology Madras,Chennai,Tamil Nadu
Institute of Food and Dairy Technology,Chennai,Tamil Nadu
JAYA ENGINEERING COLLEGE,Chennai,Tamil Nadu
Jaya Sakthi Engineering College,Chennai,Tamil Nadu
Jeppiaar Engineering College,Chennai,Tamil Nadu
Jerusalem College of Engineering,Chennai,Tamil Nadu
KCG College of Technology,Chennai,Tamil Nadu
Loyola Institute of Technology,Chennai,Tamil Nadu
Loyola-ICAM College of Engineering and Technology,Chennai,Tamil Nadu
M. G. R. Educational and Research Institute,Chennai,Tamil Nadu
Meenakshi Sundararajan Engineering College,Chennai,Tamil Nadu
New Prince Shri Bhavani College of Engineering and Technology,Chennai,Tamil Nadu
Rajalakshmi Engineering College,Chennai,Tamil Nadu
S.R.M. Institute of Science and Technology,Chennai,Tamil Nadu
Sathyabama Institute of Science and Technology,Chennai,Tamil Nadu
Saveetha Institute of Medical and Technical Sciences,Chennai,Tamil Nadu
Sri Sai Ram Institute of Technology,Chennai,Tamil Nadu
Sriram Engineering College,Chennai,Tamil Nadu
SRM Valliammai Engineering College,Chennai,Tamil Nadu
St. Joseph College of Engineering,Chennai,Tamil Nadu
St. Joseph`s Institute of Technology,Chennai,Tamil Nadu
Thangavelu Engineering College,Chennai,Tamil Nadu
Vel Tech High Tech Dr. Rangarajan Dr. Sakunthala Engineering College,Chennai,Tamil Nadu
Vel Tech Rangarajan Dr. Sagunthala R & D Institute of Science and Technology,Chennai,Tamil Nadu
Velammal Engineering College,Chennai,Tamil Nadu
Vels Institute of Science Technology & Advanced Studies (VISTAS),Chennai,Tamil Nadu
SCAD College of Engineering and Technology,Cheranmahadevi,Tamil Nadu
AKSHAYA COLLEGE OF ENGINEERING AND TECHNOLOGY,Coimbatore,Tamil Nadu
Amrita Vishwa Vidyapeetham,Coimbatore,Tamil Nadu
ARJUN COLLEGE OF TECHNOLOGY,COIMBATORE,Tamil Nadu
Asian College of Engineering and Technology,Coimbatore,Tamil Nadu
Christ The King Engineering College,Coimbatore,Tamil Nadu
Coimbatore Institute of Engineering and Technology,Coimbatore,Tamil Nadu
Coimbatore Institute of Technology,Coimbatore,Tamil Nadu
Dhanalakshmi Srinivasan College of Engineering,Coimbatore,Tamil Nadu
Dr. N. G. P. Institute of Technology,Coimbatore,Tamil Nadu
Government College of Technology,Coimbatore,Tamil Nadu
Hindusthan College of Engineering and Technology,Coimbatore,Tamil Nadu
Hindusthan Institute of Technology,Coimbatore,Tamil Nadu
Jansons Institute of Technology,Coimbatore,Tamil Nadu
Kalaignar Karunanidhi Institute of Technology,COIMBATORE,Tamil Nadu
Karpagam College of Engineering,Coimbatore,Tamil Nadu
Karpagam Institute of Technology,Coimbatore,Tamil Nadu
Karunya Institute of Technology and Sciences,Coimbatore,Tamil Nadu
KGISL Institute of Technology,Coimbatore,Tamil Nadu
KPR Institute of Engineering and Technology,Coimbatore,Tamil Nadu
Kumaraguru College of Technology,Coimbatore,Tamil Nadu
Nehru Institute of Engineering and Technology,Coimbatore,Tamil Nadu
Nehru Institute of Technology,Coimbatore,Tamil Nadu
PSG College of Technology,Coimbatore,Tamil Nadu
PSG Institute of Technology and Applied Research,Coimbatore,Tamil Nadu
Rathinam Technical Campus,Coimbatore,Tamil Nadu
RVS College of Engineering and Technology,Coimbatore,Tamil Nadu
SNS College of Engineering,Coimbatore,Tamil Nadu
SNS College of Technology,Coimbatore,Tamil Nadu
Sri Eshwar College of Engineering,Coimbatore,Tamil Nadu
Sri Krishna College of Engineering and Technology,Coimbatore,Tamil Nadu
Sri Krishna College of Technology,Coimbatore,Tamil Nadu
Sri Ramakrishna Engineering College,Coimbatore,Tamil Nadu
Sri Ramakrishna Institute of Technology,Coimbatore,Tamil Nadu
"SRI RANGANATHAR INSTITUTE OF ENGINEERING AND TECHNOLOGY, COIMBATORE",Coimbatore,Tamil Nadu
Sri Shakthi Institute of Engineering and Technology,Coimbatore,Tamil Nadu
UNITED INSTITUTE OF TECHNOLOGY,Coimbatore,Tamil Nadu
V.S.B College of Engineering Technical Campus,Coimbatore,Tamil Nadu
C K College of Engineering & Technology (Formerly Sri Jayaram Engineering College),Cuddalore,Tamil Nadu
Krishnaswamy College of Engineering,Cuddalore,Tamil Nadu
"N.P.R. College of Engineering and Technology, Natham Village, Dindigul",Dindigul,Tamil Nadu
"PSNA College of Engineering and Technology, Dindigul",Dindigul,Tamil Nadu
R.V.S.College of Engineering,Dindigul,Tamil Nadu
SSM Institute of Engineering and Technology,Dindigul,Tamil Nadu
Roever Engineering College,Elambalur,Tamil Nadu
Erode Sengunthar Engineering College,Erode,Tamil Nadu
Institute of Road and Transport Technology,Erode,Tamil Nadu
Nandha College of Technology,Erode,Tamil Nadu
Nandha Engineering College,Erode,Tamil Nadu
Shree Venkateshwara Hi-Tech Engineering College,Erode,Tamil Nadu
Velalar College of Engineering and Technology,Erode,Tamil Nadu
Adhiyamaan College of Engineering(Autonomous),Hosur,Tamil Nadu
College of Poultry Production and Management,Hosur,Tamil Nadu
Sri Sivasubramaniya Nadar College of Engineering,Kalavakkam,Tamil Nadu
Idhaya Engineering College for Women,Kallakurichi,Tamil Nadu
Academy of Maritime Education and Training,Kancheepuram,Tamil Nadu
Dhaanish Ahmed College of Engineering,Kancheepuram,Tamil Nadu
Mohamed Sathak A.J. College of Engineering,Kancheepuram,Tamil Nadu
Peri Institute of Technology,Kancheepuram,Tamil Nadu
Prince Shri Venkateshwara Padmavathy Engineering College,Kancheepuram,Tamil Nadu
Sri Muthukumaran Institute of Technology,Kancheepuram,Tamil Nadu
Sri Sairam Engineering College,Kancheepuram,Tamil Nadu
St. Josephs College of Engineering,Kancheepuram,Tamil Nadu
Tagore Engineering College,Kancheepuram,Tamil Nadu
JEPPIAAR INSTITUTE OF TECHNOLOGY,Kanchipuram,Tamil Nadu
Builders Engineering College,Kangeyam,Tamil Nadu
Arunachala College of Engineering for Women,Kanniyakumari,Tamil Nadu
St. Xavier`s Catholic College of Engineering,Kanniyakumari,Tamil Nadu
Rohini College of Engineering And Technology,Kanyakumari,Tamil Nadu
Chettinad College of Engineering & Technology,Karur,Tamil Nadu
M.Kumarasamy College of Engineering,Karur,Tamil Nadu
V. S. B. Engineering College,Karur,Tamil Nadu
Theni Kammavar Sangam College of Technology,Koduvilarpatti,Tamil Nadu
National Engineering College,Kovilpatti,Tamil Nadu
Unnamalai Institute of Technology,Kovilpatti,Tamil Nadu
Er. Perumal Manimekalai College of Engineering,Krishnagiri,Tamil Nadu
Government College of Engineering,Krishnagiri,Tamil Nadu
P.S.V.College of Engineering and Technology,Krishnagiri,Tamil Nadu
KAMARAJ COLLEGE OF ENGINEERING & TECHNOLOGY,Madurai,Tamil Nadu
"Latha Mathavan Engineering College, Madurai",Madurai,Tamil Nadu
Thiagarajar College of Engineering,Madurai,Tamil Nadu
Velammal College of Engineering & Technology,Madurai,Tamil Nadu
Dhanalakshmi Srinivasan College of Engineering and Technology,Mamallapuram,Tamil Nadu
A.V.C. College of Engineering,Mayiladuthurai,Tamil Nadu
C. Abdul Hakeem College of Engineering & Technology,Melvisharam,Tamil Nadu
Vel Tech Multi Tech Dr.Rangarajan Dr.Sakunthala Engineering College,Morai,Tamil Nadu
E.G.S. PILLAY ENGINEERING COLLEGE,Nagapattinam,Tamil Nadu
Sir Isaac Newton College of Engineering and Technology (New),Nagapattinam,Tamil Nadu
Tamil Nadu Dr.J.Jayalalithaa Fisheries University,Nagapattinam,Tamil Nadu
"Amrita College of Engineering and Technology, Nagercoil",Nagercoil,Tamil Nadu
Annai Vailankanni College of Engineering,Nagercoil,Tamil Nadu
Loyola Institute of Technology and Science,Nagercoil,Tamil Nadu
Ponjesly College of Engineering,Nagercoil,Tamil Nadu
Stella Mary`s College of Engineering,Nagercoil,Tamil Nadu
University College of Engineering Nagercoil,Nagercoil,Tamil Nadu
EXCEL ENGINEERING COLLEGE,Namakkal,Tamil Nadu
Gnanamani College of Technology,Namakkal,Tamil Nadu
"KSR INSTITUTE FOR ENGINEERING AND TECHNOLOGY, NAMAKKAL",Namakkal,Tamil Nadu
Mahendra Engineering College,Namakkal,Tamil Nadu
Mahendra Institute of Technology,Namakkal,Tamil Nadu
Muthayammal Engineering College,Namakkal,Tamil Nadu
Paavai Engineering College,Namakkal,Tamil Nadu
Selvam College of Technology,Namakkal,Tamil Nadu
SSM College of Engineering,Namakkal,Tamil Nadu
Vivekanandha College of Engineering for Women,Namakkal,Tamil Nadu
A.K.T. Memorial College of Engineering & Technology,"Neelamangalam,Kallakurichi",Tamil Nadu
Kathir College of Engineering,Neelambur,Tamil Nadu
Kongu Engineering College,Perundurai,Tamil Nadu
Dr. Mahalingam College of Engineering and Technology,Pollachi,Tamil Nadu
P. A. College of Engineering and Technology,Pollachi,Tamil Nadu
Kings College of Engineering,Pudukkottai,Tamil Nadu
Mount Zion College of Engineering and Technology,Pudukkottai,Tamil Nadu
Shanmuganathan Engineering College,Pudukkottai,Tamil Nadu
"Mohamed Sathak Engineering College, Kilakarai",Ramanathapuram,Tamil Nadu
Syed Ammal Engineering College,Ramanathapuram,Tamil Nadu
AVS COLLEGE OF TECHNOLOGY ( FORMERLY AVS TECHNICAL CAMPUS),SALEM,Tamil Nadu
AVS Engineering College,Salem,Tamil Nadu
Bharathiyar Institute of Engineering for Women,SALEM,Tamil Nadu
Dhirajlal Gandhi College of Technology,Salem,Tamil Nadu
Government College of Engineering,Salem,Tamil Nadu
Knowledge Institute of Technology,Salem,Tamil Nadu
Mahendra College of Engineering,Salem,Tamil Nadu
Narasu?s Sarathy Institute of Technology,Salem,Tamil Nadu
Salem College of Engineering and Technology,Salem,Tamil Nadu
Sona College of Technology,Salem,Tamil Nadu
The Kavery Engineering College,Salem,Tamil Nadu
Vinayaka Mission's Kirupananda Variyar Engineering College,Salem,Tamil Nadu
K. Ramakrishnan College of Engineering,Samayapuram,Tamil Nadu
SRI SHANMUGHA COLLEGE OF ENGINEERING AND TECHNOLOGY,Sankari,Tamil Nadu
Alagappa Chettiar Government College of Engineering and Technology,Sivaganga,Tamil Nadu
K. L. N. College of Engineering,Sivaganga,Tamil Nadu
AAA COLLEGE OF ENGINEERING AND TECHNOLOGY,Sivakasi,Tamil Nadu
Mepco Schlenk Engineering College,Sivakasi,Tamil Nadu
P.S.R.R College of Engineering,Sivakasi,Tamil Nadu
SAVEETHA ENGINEERING COLLEGE,Sriperumbudur,Tamil Nadu
Sri Venkateswara College of Engineering,Sriperumbudur,Tamil Nadu
Sri Venkateswaraa College of Technology,SRIPERUMBUDUR,Tamil Nadu
Kalasalingam Academy of Research and Education,Srivilliputtur,Tamil Nadu
Arasu Engineering College,Thanjavur,Tamil Nadu
Government College of Engineering Thanjavur,Thanjavur,Tamil Nadu
"National Institute of Food Technology, Entrepreneurship and Management - Thanjavur (NIFTEM - Thanjavur)",Thanjavur,Tamil Nadu
Ponnaiyah Ramajayam Institute of Science & Technology,Thanjavur,Tamil Nadu
Shanmugha Arts Science Technology & Research Academy,Thanjavur,Tamil Nadu
"Thamirabharani Engineering College, Tirunelveli",THATCHANALLUR - 627 358,Tamil Nadu
Government College of Engineering,Theni,Tamil Nadu
Nadar Saraswathi College of Engineering & Technology,Theni,Tamil Nadu
Aalim Muhammed Salegh College of Engineering,Thiruvallur,Tamil Nadu
GRT Institute of Engineering and Technology,Thiruvallur,Tamil Nadu
J. N. N. Institute of Engineering,Thiruvallur,Tamil Nadu
Panimalar Engineering College,Thiruvallur,Tamil Nadu
Prathyusha Engineering College,Thiruvallur,Tamil Nadu
R. M. K. College of Engineering and Technology,Thiruvallur,Tamil Nadu
R.M.D Engineering College,Thiruvallur,Tamil Nadu
R.M.K. Engineering College,Thiruvallur,Tamil Nadu
Rajalakshmi Institute of Technology,Thiruvallur,Tamil Nadu
S. A. Engineering College,Thiruvallur,Tamil Nadu
Velammal Institute of Technology,Thiruvallur,Tamil Nadu
Anjalai Ammal Mahalingam Engineering College,Thiruvarur,Tamil Nadu
Grace College of Engineering,Thoothukudi,Tamil Nadu
St. Mother Theresa Engineering College,Thoothukudi,Tamil Nadu
V V College of Engineering,Thoothukudi,Tamil Nadu
Noorul Islam Centre for Higher Education -Kanyakumari,Thuckalay,Tamil Nadu
K. S. R. College of Engineering,Tiruchengode,Tamil Nadu
K.S.Rangasamy College of Technology,Tiruchengode,Tamil Nadu
Sengunthar College of Engineering,Tiruchengode,Tamil Nadu
Sengunthar Engineering College,Tiruchengode,Tamil Nadu
CARE College of Engineering,Tiruchirappalli,Tamil Nadu
Indra Ganesan College of Engineering,Tiruchirappalli,Tamil Nadu
K. Ramakrishnan College of Technology,Tiruchirappalli,Tamil Nadu
KONGUNADU COLLEGE OF ENGINEERING AND TECHNOLOGY,Tiruchirappalli,Tamil Nadu
M. A. M. College of Engineering and Technology,Tiruchirappalli,Tamil Nadu
M. I. E. T. Engineering College,Tiruchirappalli,Tamil Nadu
National Institute of Technology Tiruchirappalli,Tiruchirappalli,Tamil Nadu
Saranathan College of Engineering,Tiruchirappalli,Tamil Nadu
TRP Engineering College (New),Tiruchirappalli,Tamil Nadu
"University College of Engineering, BIT Campus Tiruchirappalli",Tiruchirappalli,Tamil Nadu
OAS Institute of Technology and Management Group of Institutions (New),Tiruchirappalli District,Tamil Nadu
Francis Xavier Engineering College,Tirunelveli,Tamil Nadu
Government College of Engineering,Tirunelveli,Tamil Nadu
PSN College of Engineering and Technology,Tirunelveli,Tamil Nadu
PSN Engineering College,Tirunelveli,Tamil Nadu
PSN Institute of Technology & Science,Tirunelveli,Tamil Nadu
S.Veerasamy Chettiar College of Engineering,Tirunelveli,Tamil Nadu
Jai Shriram Engineering College,Tirupur,Tamil Nadu
Periyar Maniammai Institute of Science & Technology,Vallam Thanjavur,Tamil Nadu
Ganadipathy Tulsi's Engineering College,Vellore,Tamil Nadu
Global Institute of Engineering and Technology,Vellore,Tamil Nadu
Vellore Institute of Technology,Vellore,Tamil Nadu
I. F. E. T. College of Engineering,Viluppuram,Tamil Nadu
Mailam Engineering College,Viluppuram,Tamil Nadu
V.R.S. College Of Engineering and Technology,Viluppuram,Tamil Nadu
P. S. R. Engineering College,Virudhunagar,Tamil Nadu
Ramco Institute of Technology,Virudhunagar,Tamil Nadu
Anurag Engineering College,Ananthagiri (V&M),Telangana
Chaitanya (Deemed to be University),Hanamkonda,Telangana
Kakatiya University,Hanumakonda,Telangana
ACE Engineering college,Hyderabad,Telangana
Anurag University,Hyderabad,Telangana
Arjun College of Technology,Hyderabad,Telangana
Aurora's Technological And Research Institute,Hyderabad,Telangana
Aurora`s Scientific & Technological Institute,Hyderabad,Telangana
Bharat Institute of Engineering & Technology,Hyderabad,Telangana
BVRIT Hyderabad College of Engineering for Women,Hyderabad,Telangana
Chaitanya Bharathi Institute of Technology,Hyderabad,Telangana
CMR College of Engineering & Technology,Hyderabad,Telangana
CMR Institute of Technology,Hyderabad,Telangana
CMR Technical Campus,Hyderabad,Telangana
Ellenki College of Engineering & Technology,hyderabad,Telangana
G. Narayanamma Institute of Technology & Science for Women,Hyderabad,Telangana
Global Institute of Engineering & Technology,Hyderabad,Telangana
Goka Raju Ranga Raju Institute of Engineering & Technology,Hyderabad,Telangana
Holy Mary Institute of Technology & Science,Hyderabad,Telangana
Hyderabad Institute of Technology & Management,Hyderabad,Telangana
Indian Institute of Technology Hyderabad,Hyderabad,Telangana
Institute of Aeronautical Engineering,Hyderabad,Telangana
International Institute of Information Technology Hyderabad,Hyderabad,Telangana
ISL Engineering College,Hyderabad,Telangana
Jawaharlal Nehru Technological University,Hyderabad,Telangana
JNAFAU School of Planning and Architecture,Hyderabad,Telangana
Joginpally B.R Engineering College,Hyderabad,Telangana
Keshav Memorial Institute of Technology,Hyderabad,Telangana
Lords Institute of Engineering & Technology,Hyderabad,Telangana
Mahatma Gandhi Institute of Technology,Hyderabad,Telangana
Mahaveer Institute of Science &Technology,Hyderabad,Telangana
Mahindra University,Hyderabad,Telangana
Malla Reddy College of Engineering for women,HYDERABAD,Telangana
Malla Reddy Engineering College,Hyderabad,Telangana
Malla Reddy Engineering College for Women (Autonomous),Hyderabad,Telangana
Malla Reddy Institute of Technology,Hyderabad,Telangana
MARRI LAXMAN REDDY INSTITUTE OF TECHNOLOGY AND MANAGEMENT,Hyderabad,Telangana
Matrusri Enginering College,Hyderabad,Telangana
Maulana Azad National Urdu University,Hyderabad,Telangana
Methodist College of Engineering & Technology,Hyderabad,Telangana
MLR INSTITUTE OF TECHNOLOGY,Hyderabad,Telangana
MUFFAKHAM JAH COLLEGE OF ENGINEERING AND TECHNOLOGY,Hyderabad,Telangana
MVSR Engineering College,Hyderabad,Telangana
Nalla Malla Reddy Engineering College,Hyderabad,Telangana
Nalla Narasimha Reddy Education Society`s Group of Institutions,Hyderabad,Telangana
Pallavi Engineering College,Hyderabad,Telangana
Rishi M.S. Institute of Engineering & Technology for Women,Hyderabad,Telangana
Scient Institute of Technology,Hyderabad,Telangana
Shadan College of Engineering & Technology,Hyderabad,Telangana
Shadan Women's College of Engineering & Technology,Hyderabad,Telangana
Siddhartha Institute of Technology & Science,Hyderabad,Telangana
Sphoorthy Engineering College,Hyderabad,Telangana
Sreyas Institute of Engineering & Technology,Hyderabad,Telangana
Sridevi Womens Engineering College,Hyderabad,Telangana
St. Peter's Engineering College,Hyderabad,Telangana
Stanley College of Engineering & Technology for Women,Hyderabad,Telangana
TKR College of Engineering & Technology,Hyderabad,Telangana
University College of Engineering,Hyderabad,Telangana
UNIVERSITY COLLEGE OF TECHNOLOGY (Autonomous),Hyderabad,Telangana
University of Hyderabad,Hyderabad,Telangana
Vallurupalli Nageswara Rao Vignana Jyothi Institute of Engineering and Technology,Hyderabad,Telangana
Vasavi College of Engineering,Hyderabad,Telangana
Vidya Jyothi Institute of Technology,Hyderabad,Telangana
Vignana Bharathi Institute of Technology,Hyderabad,Telangana
Visvesvaraya College of Engineering & Technology,Hyderabad,Telangana
CVR College of Engineering,Ibrahimpatan,Telangana
Guru Nanak Institute of Technology,Ibrahimpatnam,Telangana
Guru Nanak Institutions Technical Campus,Ibrahimpatnam,Telangana
Kamala Institute of Technology & Science,Karimnagar,Telangana
Sree Chaitanya College of Engineering,Karimnagar,Telangana
Sree Chaitanya Institute of Technological Sciences,Karimnagar,Telangana
Vageswari College of Engineering,Karimnagar,Telangana
Sai Spurthy Institute of Technology,Khammam,Telangana
Padmasri Dr. B.V. Raju Institute of Technology,Medak,Telangana
GEETHANJALI COLLEGE OF ENGINEERING AND TECHNOLOGY,Medchal Malkajgiri,Telangana
Balaji Institute of Technology & Science,Narsampet,Telangana
CMR Engineering College,Rangareddy,Telangana
JB Institute of Engineering & Technology,Rangareddy,Telangana
K. G. Reddy College of Engineering & Technology,Rangareddy,Telangana
Samskruti College of Engineering & Technology,Rangareddy,Telangana
Siddhartha Institute of Engineering & Technology,Rangareddy,Telangana
Sreenidi Institute of Science &Technology,Rangareddy,Telangana
Sri Indu College of Engineering and Technology,Rangareddy,Telangana
Sri Indu Institute of Engineering and Technology,Rangareddy,Telangana
Teegala Krishna Reddy Engineering College,Rangareddy,Telangana
Vardhaman College of Engineering,Rangareddy,Telangana
MNR College of Engineering & Technology,Sangareddy,Telangana
Malla Reddy College of Engineering and Technology (Autonomous),Secunderabad,Telangana
Malla Reddy Institute of Engineering and Technology,Secunderabad,Telangana
Malla Reddy Institute of Technology & Science,Secunderabad,Telangana
Narsimhareddy Engineering College,Secunderabad,Telangana
St. Martin's Engineering College,Secunderabad,Telangana
Kakatiya Institute of Technology & Science,Warangal,Telangana
National Institute of Technology Warangal,Warangal,Telangana
SR University,Warangal,Telangana
SVS Group of Institutions,Warangal,Telangana
Vaagdevi College of Engineering,Warangal,Telangana
Vignan Institute of Technology and Science,Yadadri-Bhuvangiri,Telangana
The Institute of Chartered Financial Analysts of India University,Agartala,Tripura
Tripura Institute of Technology,Agartala,Tripura
National Institute of Technology Agartala,Agratala,Tripura
Dayalbagh Educational Institute,Agra,Uttar Pradesh
Raja Balwant Singh Engineering Technical Campus,Agra,Uttar Pradesh
Aligarh Muslim University,Aligarh,Uttar Pradesh
"Rajkiya Engineering College, Ambedkar Nagar",Ambedkar Nagar,Uttar Pradesh
Rajiv Gandhi Institute of Petroleum Technology,Amethi,Uttar Pradesh
"Rajkiya Engineering College, Azamgarh",Azamgarh,Uttar Pradesh
Rajkiya Engineering College Banda,Banda,Uttar Pradesh
"Mahatama Jyotiba Phule Rohikhand University, Bareilly",Bareilly,Uttar Pradesh
Rajshree Institute of Management & Technology,Bareilly,Uttar Pradesh
Shri Ram Murti Smarak College of Engineering & Technology,Bareilly,Uttar Pradesh
Indian Institute of Carpet Technology,Bhadohi,Uttar Pradesh
Kunwar Satyavira College of Engineering and Management,Bijnor,Uttar Pradesh
"College of Engineering and Technology, IILM Academy of Higher Learning",Gautam Buddha Nagar,Uttar Pradesh
Gautam Buddha University,Gautam Buddha Nagar,Uttar Pradesh
Amity University,Gautam Budh Nagar,Uttar Pradesh
Galgotias University,Gautam Budh Nagar,Uttar Pradesh
"Jss Academy Of Technical Education, Noida",Gautam Budh Nagar,Uttar Pradesh
ABES Engineering College,Ghaziabad,Uttar Pradesh
"ABES INSTITUTE OF TECHNOLOGY, GHAZIABAD",Ghaziabad,Uttar Pradesh
Ajay Kumar Garg Engineering College,Ghaziabad,Uttar Pradesh
"Dr. K.N. Modi Institute of Engineering and Technology, Modinagar, Ghaziabad",Ghaziabad,Uttar Pradesh
IMS Engineering College,Ghaziabad,Uttar Pradesh
Inderprastha Engineering College,Ghaziabad,Uttar Pradesh
KIET Group of Institutions,Ghaziabad,Uttar Pradesh
NITRA TECHNICAL CAMPUS,Ghaziabad,Uttar Pradesh
R.D.Engineering College,Ghaziabad,Uttar Pradesh
Raj Kumar Goel Institue of Technology,Ghaziabad,Uttar Pradesh
"Raj Kumar Goel Institute of Technology for Women, Ghaziabad",Ghaziabad,Uttar Pradesh
Sanskar College of Engineering & Technology,Ghaziabad,Uttar Pradesh
Buddha Institute of Technology,Gorakhpur,Uttar Pradesh
"Institute of Technology and Management, Gorakhpur",GORAKHPUR,Uttar Pradesh
Madan Mohan Malaviya University of Technology,Gorakhpur,Uttar Pradesh
Accurate Institute of Management & Technology,Greater Noida,Uttar Pradesh
Dronacharya Group of Institutions,Greater Noida,Uttar Pradesh
G.L.Bajaj Institute of Technology and Management,Greater Noida,Uttar Pradesh
Galgotias College of Engineering & Technology,Greater Noida,Uttar Pradesh
Greater Noida Institute of Technology (Engineering Institute),Greater Noida,Uttar Pradesh
I.T.S ENGINEERING COLLEGE,Greater Noida,Uttar Pradesh
IIMT College Of Engineering,Greater Noida,Uttar Pradesh
"Mangalmay Institute of Engineering and Technology, Greater Noida",Greater Noida,Uttar Pradesh
Noida Institute of Engineering & Technology,Greater Noida,Uttar Pradesh
Sharda University,Greater Noida,Uttar Pradesh
"Veer Bahadur Singh Purvanchal University, Jaunpur",Jaunpur,Uttar Pradesh
Bundelkhand University,Jhansi,Uttar Pradesh
Chatrapati Sahuji Maharaj Kanpur University,Kanpur,Uttar Pradesh
"DR. AMBEDKAR INSTITUTE OF TECHNOLOGY FOR HANDICAPPED, U.P.",Kanpur,Uttar Pradesh
Indian Institute of Technology Kanpur,Kanpur,Uttar Pradesh
Kanpur Institute of Technology,Kanpur,Uttar Pradesh
"PRANVEER SINGH INSTITUTE OF TECHNOLOGY, KANPUR",Kanpur,Uttar Pradesh
Uttar Pradesh Textile Technology Institute,Kanpur,Uttar Pradesh
Harcourt Butler Technical University,Kanpur Nagar,Uttar Pradesh
Rama University Uttar Pradesh,Kanpur Nagar,Uttar Pradesh
B N College Of Engineering And Technology Lucknow,Lucknow,Uttar Pradesh
"Bansal Institute of Engineering & Technology,Lucknow",Lucknow,Uttar Pradesh
"Central Institute of Plastics Engineering & Technology, Lucknow",Lucknow,Uttar Pradesh
Centre For Advanced Studies,Lucknow,Uttar Pradesh
Integral University,Lucknow,Uttar Pradesh
"School of Management Sciences, Lucknow",Lucknow,Uttar Pradesh
Shri Ramswaroop Memorial College of Engineering & Management,Lucknow,Uttar Pradesh
"ESHAN COLLEGE OF ENGINEERING, AGRA-MATHURA HIGHWAY, MATHURA",Mathura,Uttar Pradesh
G. L. A. University,Mathura,Uttar Pradesh
Hindustan College of Science & Technology,Mathura,Uttar Pradesh
Sanskriti University,MATHURA,Uttar Pradesh
Dewan V S Institute of Engineering and Technology,Meerut,Uttar Pradesh
"Iimt Engineering College, Meerut",Meerut,Uttar Pradesh
IIMT University Meerut,Meerut,Uttar Pradesh
Meerut Institute of Engineering & Technology,Meerut,Uttar Pradesh
"Meerut Institute Of Technology, Baral, Partapur, Meerut",Meerut,Uttar Pradesh
MORADABAD INSTITUTE OF TECHNOLOGY,Moradabad,Uttar Pradesh
Teerthanker Mahaveer University,Moradabad,Uttar Pradesh
Jaypee Institute of Information Technology,Noida,Uttar Pradesh
Institute of Engg. & Rural Technology,PRAYAGRAJ,Uttar Pradesh
Motilal Nehru National Institute of Technology,Prayagraj,Uttar Pradesh
"Sam Higginbottom Institute of Agriculture, Technology & Sciences",Prayagraj,Uttar Pradesh
United College of Engineering and Research,Prayagraj,Uttar Pradesh
Indian Institute of Information Technology Allahabad,Prayagraj (Allahabad),Uttar Pradesh
Glocal University,Saharanpur,Uttar Pradesh
"SACRED HEART INSTITUTE OF MANAGAMENT AND TECHNOLOGY, SITAPUR",SITAPUR,Uttar Pradesh
"Rajkiya engineering college, sonbhadra",Sonbhadra,Uttar Pradesh
Indian Institute of Technology (Banaras Hindu University) Varanasi,Varanasi,Uttar Pradesh
Kashi Institute Of Technology,Varanasi,Uttar Pradesh
Bipin Tripathi Kumaon Institute of Technology,Almora,Uttarakhand
Dev Bhoomi Institute of Technology,Dehradun,Uttarakhand
Graphic Era University,Dehradun,Uttarakhand
J.B. Institute of Technology,Dehradun,Uttarakhand
Shivalik College of Engg.,Dehradun,Uttarakhand
Tulas Institute,Dehradun,Uttarakhand
UPES,Dehradun,Uttarakhand
Uttaranchal University,Dehradun,Uttarakhand
Gurukul Kangri Vishwavidyalaya,Haridwar,Uttarakhand
Govind Ballabh Pant Institute of Engineering & Technology,Pauri,Uttarakhand
Indian Institute of Technology Roorkee,Roorkee,Uttarakhand
Quantum University,Roorkee,Uttarakhand
Roorkee College of Engineering,Roorkee,Uttarakhand
Roorkee Institute of Technology,Roorkee,Uttarakhand
National Institute of Technology Uttarakhand,Srinagar (Garhwal),Uttarakhand
Asansol Engineering College,Asansol,West Bengal
"Kazi Nazrul University, Asansol",Asansol,West Bengal
Mallabhum Institute of Technology 158,Bankura,West Bengal
NSHM Knowledge Campus Durgapur Group of Institutions 273,Barddhaman,West Bengal
"Dr. B.C. Roy Engineering College, Durgapur",Bardhaman,West Bengal
Hooghly Engineering and Technology College,Chinsurah,West Bengal
The Neotia University,Diamond Harbour,West Bengal
Bengal College of Engineering & Technology,Durgapur,West Bengal
National Institute of Technology Durgapur,Durgapur,West Bengal
Haldia Institute of Technology,Haldia,West Bengal
ACADEMY OF TECHNOLOGY,Hooghly,West Bengal
"Indian Institute of Engineering Science and Technology, Shibpur",HOWRAH,West Bengal
MCKV Institute of Engineering,Howrah,West Bengal
Omdayal Group of Institutions,Howrah,West Bengal
Supreme Knowledge Foundation Group of Institutions,Hugli,West Bengal
Jalpaiguri Government Engineering College,Jalpaiguri,West Bengal
"INDIAN INSTITUTE OF INFORMATION TECHNOLOGY, KALYANI",Kalyani,West Bengal
JIS COLLEGE OF ENGINEERING,Kalyani,West Bengal
Kalyani Government Engineering College,Kalyani,West Bengal
Indian Institute of Technology Kharagpur,Kharagpur,West Bengal
Adamas University,Kolkata,West Bengal
B. P. Poddar Institute of Management & Technology,Kolkata,West Bengal
Bengal Institute of Technology,Kolkata,West Bengal
Brainware University,Kolkata,West Bengal
Budge Budge Institute of Technology,Kolkata,West Bengal
DR.SUDHIR CHANDRA SUR INSTITUTE OF TECHNOLOGY AND SPORTS COMPLEX,Kolkata,West Bengal
Dream Institute of Technology,Kolkata,West Bengal
Future Institute of Engineering and Management,Kolkata,West Bengal
Gargi Memorial Institute of Technology Campus,Kolkata,West Bengal
Government College of Engineering & Ceramic Technology,Kolkata,West Bengal
Greater Kolkata College of Engineering and Management 236,KOLKATA,West Bengal
Heritage Institute of Technology,Kolkata,West Bengal
Institute of Engineering & Management,Kolkata,West Bengal
Jadavpur University,Kolkata,West Bengal
JIS University,Kolkata,West Bengal
Narula Institute of Technology,Kolkata,West Bengal
Netaji Subhash Engineering College,Kolkata,West Bengal
RCC Institute of Information Technology,Kolkata,West Bengal
Regent Education & Research Foundation Group of Institutions,Kolkata,West Bengal
St. Thomas College of Engineering & Technology 122,Kolkata,West Bengal
Swami Vivekananda Institute of Science & Technology,Kolkata,West Bengal
TECHNO INTERNATIONAL NEW TOWN,KOLKATA,West Bengal
Techno Main Salt Lake,Kolkata,West Bengal
"Ghani Khan Choudhury Institute of Engineering & Technology, Kotwali, Malda",MALDA,West Bengal
ABACUS Institute of Engineering and Management,Mogra,West Bengal
Maulana Abul Kalam Azad University of Technology,Nadia,West Bengal
"University of Engineering and Management, Kolkata",New Town,West Bengal
Amity University,North Twenty Four Parganas,West Bengal
Gurunanak Institute Of Technology,North Twenty Four Parganas,West Bengal
TECHNO INTERNATIONAL BATANAGAR,South Twenty Four Parganas,West Bengal
Calcutta Institute of Technology 177,Uluberia,West Bengal
